id,first_name,last_name,email,gender,ip_address,city,state,postal_code,country
1,Veriee,Dunnet,vdunnet0@comcast.net,Female,240.41,Lou-ìe+ê,,289,Czech Republic
2,Olenka,Winsom,owinsom1@dyndns.org,Female,72.225,Karlskoga,+ûrebro,691,Sweden
3,Tann,Filtness,tfiltness2@macromedia.com,Male,85.22,Qintong,,,China
4,Roobbie,Screaton,rscreaton3@unesco.org,Female,193.74,Haurpanggung,,,Indonesia
5,Chiquita,Coot,ccoot4@sourceforge.net,Genderquee,95.156,Mekarsari,,,Indonesia
6,Bob,Seary,bseary5@kickstarter.com,Male,85.1,Leiguan,,,China
7,Jasmina,Yesson,jyesson6@w3.org,Female,112.225,Dz++++nkharaa,,,Mongolia
8,Freddy,Houchen,fhouchen7@blogger.com,Male,151.156,Puerto Ais+®n,,,Chile
9,Alfie,Ashplant,aashplant8@dyndns.org,Male,0.69,Chantal,,,Haiti
10,Fairfax,Elvin,felvin9@ucoz.ru,Bigender,233.19,Uva,,427265,Russia
11,Orlan,Wiggin,owiggina@patch.com,Male,40.224,Aß©æ ß©ÉilÔÇÿ,,,Yemen
12,Nikola,De Angelo,ndeangelob@wiley.com,Male,37.147,Klana,,51217,Croatia
13,Connie,Henze,chenzec@wikia.com,Male,104.56,Lansing,Michigan,48912,United States
14,Roderigo,MacGeffen,rmacgeffend@google.it,Male,47.25,Jiangtun,,,China
15,Lia,Spalton,lspaltone@ucoz.ru,Female,234.214,Vanderbijlpark,,1916,South Africa
16,Marena,Rewbottom,mrewbottomf@creativecommons.org,Female,223.99,Usquil,,,Peru
17,Jo-ann,Tatershall,jtatershallg@csmonitor.com,Polygender,38.185,Muesanaik,,,Indonesia
18,Teriann,Fillan,tfillanh@infoseek.co.jp,Female,166.244,Bidikotak,,,Indonesia
19,Burr,Alger,balgeri@histats.com,Male,128.161,Shigu,,,China
20,Tadeas,Jessen,tjessenj@auda.org.au,Male,153.17,Delgerm+Âr+Ân,,,Mongolia
21,Marthe,Footitt,mfootittk@businessinsider.com,Female,243.212,Obukhiv,,,Ukraine
22,Christin,Ruffy,cruffyl@free.fr,Female,111.48,Gostynin,,9,Poland
23,Monah,Gresch,mgreschm@usda.gov,Female,127.229,Merdeka,,,Indonesia
24,Nichols,Merck,nmerckn@foxnews.com,Male,147.233,Washington,District of Columbia,20520,United States
25,Marv,Brant,mbranto@msu.edu,Male,103.124,Yinzhu,,,China
26,Stanton,Pauleit,spauleitp@eventbrite.com,Non-binary,192.129,Kuantan,Pahang,25556,Malaysia
27,Eamon,Wilfling,ewilflingq@parallels.com,Male,247.42,Tarbes,Midi-Pyr+®n+®es,65951,France
28,Jackie,Rentcome,jrentcomer@ow.ly,Female,197.177,Chas+Ång,,,North Korea
29,Bar,Mingotti,bmingottis@deliciousdays.com,Male,49.99,Ngawi,,,Indonesia
30,Stearne,Caulcott,scaulcottt@feedburner.com,Male,172.176,Daqiao,,,China
31,Barri,MacCleay,bmaccleayu@freewebs.com,Non-binary,88.101,ß©¿urayt-ün,,,Syria
32,Kaylee,Serris,kserrisv@virginia.edu,Female,133.14,Sobreira,Porto,4640,Portugal
33,Yettie,Brigstock,ybrigstockw@mac.com,Female,193.71,Yataity del Norte,,,Paraguay
34,Ivie,Braddick,ibraddickx@e-recht24.de,Female,93.231,Nevelsk,,694752,Russia
35,Patrizia,Whereat,pwhereaty@dagondesign.com,Female,16.241,Novokhovrino,,141707,Russia
36,Ola,Chimes,ochimesz@illinois.edu,Female,80.177,Dumlan,,8119,Philippines
37,Nerti,McAtamney,nmcatamney10@mapy.cz,Female,51.3,San Luis,,,Honduras
38,Lynnett,Tredgold,ltredgold11@indiegogo.com,Female,22.231,Misasi,,,Tanzania
39,Hamil,O'Dreain,hodreain12@unc.edu,Male,25.116,Nueva Germania,,,Paraguay
40,Moina,Jerrim,mjerrim13@usnews.com,Female,29.109,Jiazi,,,China
41,Sheri,Ianiello,sianiello14@fastcompany.com,Female,127.213,Dampek,,,Indonesia
42,Max,Bech,mbech15@creativecommons.org,Female,188.129,Bastak,,,Iran
43,Margalit,Guyer,mguyer16@cmu.edu,Female,177.216,Ulaan-Uul,,,Mongolia
44,Deane,Royall,droyall17@about.com,Male,228.218,Campoverde,,,Peru
45,Cyndia,Gorcke,cgorcke18@umn.edu,Female,153.164,Samann+½d,,,Egypt
46,Nealy,Carmody,ncarmody19@scribd.com,Male,2.163,Kislyakovskaya,,352020,Russia
47,Blinny,Alfonso,balfonso1a@independent.co.uk,Female,124.59,Minzheng,,,China
48,Tomaso,Brisley,tbrisley1b@homestead.com,Male,178.223,Bistrica ob Sotli,,3256,Slovenia
49,Isabeau,Bottlestone,ibottlestone1c@hibu.com,Female,124.105,Lyon,Rh+¦ne-Alpes,69902,France
50,Jessalin,Hovel,jhovel1d@google.cn,Female,73.176,Bizhou,,,China
51,Kit,Guppy,kguppy1e@washington.edu,Female,235.118,Peishe,,,China
52,Flo,Senescall,fsenescall1f@booking.com,Non-binary,5.128,Benito Juarez,Nuevo Leon,66410,Mexico
53,Devin,Greenman,dgreenman1g@howstuffworks.com,Female,12.191,Schiedam postbusnumm,Provincie Zuid-Holla,3104,Netherlands
54,Godard,Whinray,gwhinray1h@rediff.com,Male,68.6,Nancy,Lorraine,54939,France
55,Marv,Meddick,mmeddick1i@earthlink.net,Male,61.101,Nova Kakhovka,,,Ukraine
56,Lutero,Hargrave,lhargrave1j@tinyurl.com,Male,19.81,Vy+í+í+¡ Brod,,382,Czech Republic
57,Olia,Dowall,odowall1k@un.org,Female,200.5,Seattle,Washington,98140,United States
58,Tulley,Oxbrow,toxbrow1l@webnode.com,Male,54.168,Xinfeng,,,China
59,Antonino,Moat,amoat1m@livejournal.com,Male,48.237,Macamic,Qu+®bec,0,Canada
60,Margaretha,Billborough,mbillborough1n@auda.org.au,Female,148.35,Vysotskoye,,356526,Russia
61,Innis,Kirlin,ikirlin1o@google.pl,Male,63.2,Varniai,,88050,Lithuania
62,Dugald,Laye,dlaye1p@comcast.net,Male,210.31,Tococ East,,1655,Philippines
63,Marius,Pippard,mpippard1q@ibm.com,Male,175.175,Vale,Aveiro,4525,Portugal
64,Max,Healeas,mhealeas1r@etsy.com,Male,136.176,Lianrao,,,China
65,Maurise,Geipel,mgeipel1s@yellowbook.com,Male,89.174,Yangxipu,,,China
66,Allister,Parman,aparman1t@instagram.com,Male,103.15,Itaperu+ºu,,83560,Brazil
67,Brice,Muslim,bmuslim1u@huffingtonpost.com,Male,198.1,Zve-ìan,,,Kosovo
68,Kata,Dundin,kdundin1v@w3.org,Female,22.33,El Tambo,,,Peru
69,Briano,Ferrone,bferrone1w@icq.com,Male,64.231,Dushang,,,China
70,Darb,Ferrar,dferrar1x@toplist.cz,Male,85.168,Bilo,,,Indonesia
71,Xena,Massard,xmassard1y@oaic.gov.au,Female,225.229,Villa Las Rosas,,5875,Argentina
72,Butch,Wilstead,bwilstead1z@mayoclinic.com,Male,134.249,Guancangping,,,China
73,Rob,Gillingham,rgillingham20@usa.gov,Male,219.14,Pagangan,,4801,Philippines
74,Jude,Harkness,jharkness21@guardian.co.uk,Male,143.173,Capit+ín Berm+¦dez,,2156,Argentina
75,Cymbre,Simonsson,csimonsson22@examiner.com,Female,82.178,Pregrada,,49218,Croatia
76,Montague,Gladdish,mgladdish23@tinyurl.com,Male,82.107,Tuusula,,4380,Finland
77,Renate,Hedges,rhedges24@friendfeed.com,Female,149.31,Ca+ºador,,89500,Brazil
78,Kylie,Bernardin,kbernardin25@hc360.com,Male,116.71,Hã¦ng Nguy+¬n,,,Vietnam
79,Gene,Markus,gmarkus26@irs.gov,Female,107.196,Shaoguan,,,China
80,Grady,Handling,ghandling27@cbc.ca,Male,94.192,Cimaragas,,,Indonesia
81,Lolita,Defty,ldefty28@addtoany.com,Genderflui,214.38,Ngkiong,,,Indonesia
82,Lyssa,Fipp,lfipp29@a8.net,Female,146.244,Bayeux,,58305,Brazil
83,Cammi,Chritchlow,cchritchlow2a@rakuten.co.jp,Female,7.241,Qinggang,,,China
84,Daria,Janney,djanney2b@tripod.com,Female,42.106,Jinhai,,,China
85,Leontine,Jovanovic,ljovanovic2c@goo.gl,Female,187.2,Wuqishan,,,China
86,Fiona,Ilchenko,filchenko2d@census.gov,Bigender,1.111,Grzybowa G+¦ra,,27,Poland
87,Delano,Simao,dsimao2e@google.com.au,Male,40.48,Asempapan,,,Indonesia
88,Sharai,Degoey,sdegoey2f@1688.com,Female,180.46,Sukth,,,Albania
89,Dorthy,Mehaffey,dmehaffey2g@vk.com,Female,239.1,Ordzhonikidzevskiy,,369228,Russia
90,Shayne,Dallon,sdallon2h@shareasale.com,Male,191.137,Xuedian,,,China
91,Garvin,Olkowicz,golkowicz2i@rambler.ru,Male,95.25,Margoyoso,,,Indonesia
92,Cherin,Gomar,cgomar2j@mozilla.com,Female,252.8,Majan,,,Indonesia
93,Karlie,Haythornthwaite,khaythornthwaite2k@dell.com,Female,221.237,Carrascal,Lisboa,2710,Portugal
94,Karoly,Seater,kseater2l@gov.uk,Female,223.153,Sinacaban,,7203,Philippines
95,Ody,Aspling,oaspling2m@infoseek.co.jp,Male,245.6,Barroso,,36212,Brazil
96,Roobbie,Sieve,rsieve2n@wufoo.com,Female,183.171,San Francisco,Mexico,51016,Mexico
97,Corey,Ansill,cansill2o@slashdot.org,Male,38.255,Astorga,,86730,Brazil
98,Wendy,Lukock,wlukock2p@xing.com,Genderquee,57.95,Tanuma,,426,Japan
99,Abraham,Blofield,ablofield2q@weibo.com,Male,3.24,Magdalena,,,Peru
100,Alard,Gallahue,agallahue2r@china.com.cn,Male,189.5,D+½ QalÔÇÿah,,,Afghanistan
101,Alanna,Satchell,asatchell2s@cdc.gov,Female,217.184,Chropyn-ø,,768,Czech Republic
102,Angus,Thring,athring2t@usgs.gov,Male,140.213,Kingston,,9793,New Zealand
103,Milt,Pickwell,mpickwell2u@4shared.com,Male,159.18,Jian,,,China
104,Rozalie,Bauser,rbauser2v@state.gov,Female,61.227,Kavalerovo,,692425,Russia
105,Keeley,Gaskamp,kgaskamp2w@npr.org,Female,222.125,Palamadu,,,Indonesia
106,Clarey,Claiden,cclaiden2x@apache.org,Genderflui,31.111,Wawa,,,Nigeria
107,Abagael,Baudins,abaudins2y@businesswire.com,Agender,193.222,Jiangpu,,,China
108,Ari,Rediers,arediers2z@1und1.de,Male,54.227,Machal+¡,,,Chile
109,Manuel,Avory,mavory30@samsung.com,Male,32.143,Fontenay-sous-Bois,+Äle-de-France,94726,France
110,Allis,Hallitt,ahallitt31@addthis.com,Female,227.213,Adraskan,,,Afghanistan
111,Graham,Drees,gdrees32@chronoengine.com,Male,139.205,Subulussalam,,,Indonesia
112,Harland,Haselgrove,hhaselgrove33@huffingtonpost.com,Genderquee,227.73,Bogo,,,Cameroon
113,Dane,Gillbard,dgillbard34@berkeley.edu,Genderquee,163.63,Merida,,6540,Philippines
114,Mickey,Bothie,mbothie35@bloglines.com,Male,12.85,Bourg-en-Bresse,Rh+¦ne-Alpes,1004,France
115,Lindsay,Matzke,lmatzke36@i2i.jp,Male,248.65,Sinanju,,,North Korea
116,Tanitansy,Richold,trichold37@timesonline.co.uk,Female,66.188,Loboniki,,,Indonesia
117,Ara,Janousek,ajanousek38@seattletimes.com,Male,100.187,Greven+í,,,Greece
118,Cindy,Rollinson,crollinson39@t-online.de,Female,203.11,Ginebra,,763518,Colombia
119,Roselle,Lowless,rlowless3a@joomla.org,Female,97.13,Hulan,,,China
120,Cornell,Reboulet,creboulet3b@zimbio.com,Male,183.249,Pau,Aquitaine,64039,France
121,Francisca,MacNeill,fmacneill3c@flickr.com,Female,215.56,Mount Pearl,Newfoundland and Lab,0,Canada
122,Osbourn,Oxenford,ooxenford3d@list-manage.com,Male,62.161,Toulouse,Midi-Pyr+®n+®es,31201,France
123,Moises,Gadaud,mgadaud3e@sitemeter.com,Male,70.4,Longshan,,,China
124,Tanya,McMurrugh,tmcmurrugh3f@oaic.gov.au,Female,244.12,Sutton,England,0,United Kingdom
125,Freemon,Chinge,fchinge3g@rediff.com,Male,95.4,Longhu,,,China
126,Sayer,Frankton,sfrankton3h@clickbank.net,Male,43.62,Dongping,,,China
127,Jorie,MacCurlye,jmaccurlye3i@technorati.com,Female,98.252,Voskop,,,Albania
128,Patrizia,Metzig,pmetzig3j@ted.com,Female,167.184,Pach-½r wa -Çg-üm,,,Afghanistan
129,Leila,Dalley,ldalley3k@artisteer.com,Female,39.181,Farah,,,Afghanistan
130,Ebony,Cranidge,ecranidge3l@loc.gov,Female,61.43,D++sseldorf,Nordrhein-Westfalen,40591,Germany
131,Marcelline,Pallas,mpallas3m@ucoz.com,Agender,233.218,Saint-Pierre,R+®union,97453,Reunion
132,Cheston,Wilsher,cwilsher3n@mashable.com,Male,143.185,Papilawe,,,Indonesia
133,Daren,Polkinhorn,dpolkinhorn3o@odnoklassniki.ru,Male,53.24,Balindong,,9318,Philippines
134,George,Philipeaux,gphilipeaux3p@senate.gov,Female,30.51,Erfangping,,,China
135,Dan,Bagot,dbagot3q@networksolutions.com,Male,247.209,Khorinsk,,671410,Russia
136,Agnola,Tobias,atobias3r@networksolutions.com,Female,72.57,Rebe,,9214,Philippines
137,Jaclin,Surguine,jsurguine3s@smh.com.au,Genderquee,102.11,Babakankadu,,,Indonesia
138,Alyse,Dosdell,adosdell3t@moonfruit.com,Female,42.192,Jiangyi,,,China
139,Chas,Blade,cblade3u@google.es,Male,130.129,As Samawah,,,Iraq
140,Cordy,Carlsen,ccarlsen3v@amazonaws.com,Female,206.173,Kugesi,,429500,Russia
141,Eva,Hadkins,ehadkins3w@fastcompany.com,Female,166.237,Sobrosa,Porto,4580,Portugal
142,Cary,Oels,coels3x@mapquest.com,Female,53.114,Tegalbuleud,,,Indonesia
143,Nanon,Bonhill,nbonhill3y@prlog.org,Female,144.224,Xiaoying,,,China
144,Ruthann,Teanby,rteanby3z@newsvine.com,Female,190.151,Saint-Bruno,Qu+®bec,0,Canada
145,Giovanni,Alexsandrov,galexsandrov40@netlog.com,Male,44.213,Concordia,,3200,Argentina
146,Bobina,Pauer,bpauer41@typepad.com,Female,159.231,Zhushan,,,China
147,Linnet,Burril,lburril42@linkedin.com,Female,104.65,Lazaro Cardenas,Baja California,22510,Mexico
148,Quintana,Eger,qeger43@php.net,Female,95.7,Novosemeykino,,446378,Russia
149,Derrick,Harly,dharly44@e-recht24.de,Male,201.38,Yuexi,,,China
150,Marcy,McRavey,mmcravey45@stumbleupon.com,Female,134.184,Ozurgeti,,,Georgia
151,Carly,Aggus,caggus46@redcross.org,Female,222.144,Alvito,Beja,7920,Portugal
152,Valentine,Brake,vbrake47@yahoo.com,Male,72.108,Yuefeng,,,China
153,Deb,Clear,dclear48@springer.com,Female,142.89,Jacksonville,Florida,32236,United States
154,Maurie,Snepp,msnepp49@army.mil,Male,57.7,Oshnav-½yeh,,,Iran
155,Sam,Hurford,shurford4a@comsenz.com,Female,245.36,Zhangwan,,,China
156,Alida,Baulk,abaulk4b@fema.gov,Female,157.241,Steinsel,,0,Luxembourg
157,Zelda,Milstead,zmilstead4c@bizjournals.com,Female,94.213,Phra Khanong,,10260,Thailand
158,Harley,Bettam,hbettam4d@jugem.jp,Male,251.206,-Çbd-ün-ün,,,Iran
159,Paulina,Creasy,pcreasy4e@psu.edu,Female,15.127,Upper Hell's Gate,,,"Bonaire, Saint Eusta"
160,Kelci,Rikel,krikel4f@skyrock.com,Female,11.204,Donghu,,,China
161,Justin,Leeming,jleeming4g@domainmarket.com,Male,151.21,Simrishamn,Sk+Ñne,272,Sweden
162,Reese,Render,rrender4h@time.com,Male,9.61,Truskolasy,,42,Poland
163,Helli,Manwaring,hmanwaring4i@surveymonkey.com,Genderflui,176.32,Staryy Oskol,,309509,Russia
164,Hilton,Le Marquand,hlemarquand4j@discuz.net,Male,215.3,Kisesa,,,Tanzania
165,Debi,Haxby,dhaxby4k@angelfire.com,Agender,211.152,Huatai,,,China
166,Abdel,Linham,alinham4l@archive.org,Male,21.218,Tsaratanana,,,Madagascar
167,Granville,Lavens,glavens4m@sciencedirect.com,Male,86.186,Doln+¡ Bojanovice,,696,Czech Republic
168,Ibbie,Reggiani,ireggiani4n@last.fm,Female,176.92,Zhenghu,,,China
169,Ignacius,Viggers,iviggers4o@privacy.gov.au,Male,185.69,Krasnogvardeyets,,102469,Russia
170,Harmony,Hawse,hhawse4p@shinystat.com,Female,133.119,Paterson,New Jersey,7505,United States
171,Deck,Wheatcroft,dwheatcroft4q@mlb.com,Male,117.128,Bluff,,9814,New Zealand
172,Idaline,Morden,imorden4r@domainmarket.com,Female,29.118,Uppsala,Uppsala,752,Sweden
173,Megan,Lackey,mlackey4s@comsenz.com,Female,245.236,Maltah+Âhe,,,Namibia
174,Verney,Simioli,vsimioli4t@ftc.gov,Male,219.143,Yengiawat,,,China
175,Luciano,Syson,lsyson4u@google.cn,Male,47.116,Velk+® B+¡lovice,,691,Czech Republic
176,Maxy,Glewe,mglewe4v@dailymotion.com,Female,160.251,Yelets,,399778,Russia
177,Annabela,Lazenbury,alazenbury4w@deviantart.com,Female,134.142,Yanas,,,Peru
178,Ardella,Braddick,abraddick4x@youtube.com,Female,191.106,Yangon,,,Myanmar
179,Boniface,Doel,bdoel4y@technorati.com,Male,247.46,Josef+»v D+»l,,468,Czech Republic
180,Simmonds,Lile,slile4z@github.io,Agender,153.155,+àlesund,More og Romdal,6005,Norway
181,Robby,Kellog,rkellog50@creativecommons.org,Female,186.218,Toba,,916,Japan
182,Desmond,Kabos,dkabos51@flavors.me,Genderflui,210.62,+ügios T+¢chon,,,Cyprus
183,Ranna,Pedrazzi,rpedrazzi52@army.mil,Female,95.19,Ber+½zovskiy,,662514,Russia
184,Kendal,Fosken,kfosken53@photobucket.com,Male,253.197,Pasirmadang,,,Indonesia
185,Rosaline,Balmer,rbalmer54@deliciousdays.com,Female,220.12,Nong Khaem,,10160,Thailand
186,Wilona,Pawellek,wpawellek55@npr.org,Female,33.25,Yoshida-kasugach+ì,,959,Japan
187,Viki,Hallward,vhallward56@seattletimes.com,Female,84.21,Ramiriqu+¡,,153457,Colombia
188,Waneta,Reichert,wreichert57@odnoklassniki.ru,Female,99.54,Palai+¦chora,,,Greece
189,Codie,Pessolt,cpessolt58@geocities.jp,Male,213.178,Bondy,+Äle-de-France,93144,France
190,Claudio,Barbie,cbarbie59@homestead.com,Male,177.138,El Paisnal,,,El Salvador
191,Leroy,Celiz,lceliz5a@live.com,Male,234.134,Praingkareha,,,Indonesia
192,Zita,Ianittello,zianittello5b@taobao.com,Female,78.83,Fagatogo,,96799,American Samoa
193,Piotr,Feighry,pfeighry5c@blogtalkradio.com,Male,249.125,Kuma,,,Indonesia
194,Ab,Pillans,apillans5d@wisc.edu,Male,104.38,Zhangping,,,China
195,Garrik,O'Dowgaine,godowgaine5e@yahoo.co.jp,Male,206.147,+üguia Branca,,29795,Brazil
196,Valerye,Breton,vbreton5f@instagram.com,Female,172.247,Bar+úo de Cocais,,35970,Brazil
197,Deni,Purches,dpurches5g@freewebs.com,Female,229.53,Longtan,,,China
198,Valle,Demer,vdemer5h@nydailynews.com,Male,230.25,Wangunjaya,,,Indonesia
199,Lianna,Glazzard,lglazzard5i@weebly.com,Female,115.198,Syamzha,,162222,Russia
200,Kessiah,Aspray,kaspray5j@abc.net.au,Female,165.65,Gubukjero Timuk,,,Indonesia
201,Frank,Vina,fvina5k@odnoklassniki.ru,Male,34.67,Ibabang Tayuman,,3017,Philippines
202,Julius,Lenglet,jlenglet5l@webnode.com,Male,58.251,Palayan City,,3132,Philippines
203,Atlante,Roggero,aroggero5m@bandcamp.com,Female,38.155,Vy+íkov,,683,Czech Republic
204,Rycca,Miroy,rmiroy5n@phpbb.com,Female,101.4,Warungawi,,,Indonesia
205,Derwin,Maxstead,dmaxstead5o@discuz.net,Male,184.23,Jianou,,,China
206,Foster,Bengochea,fbengochea5p@diigo.com,Male,174.16,Khulm,,,Afghanistan
207,Ferdinand,Testin,ftestin5q@marriott.com,Male,162.28,Songdong,,,China
208,Patricio,Burgis,pburgis5r@techcrunch.com,Male,193.152,Quanling,,,China
209,Harriott,Wimes,hwimes5s@bbb.org,Female,229.148,Nar'yan-Mar,,166004,Russia
210,Murial,McCathay,mmccathay5t@reference.com,Female,143.96,Sebegen,,,Indonesia
211,Britte,Taunton.,btaunton5u@friendfeed.com,Female,2.198,Palma Soriano,,,Cuba
212,Ally,Rojahn,arojahn5v@europa.eu,Female,10.99,Bi+¦an,,4116,Philippines
213,Martino,Wilding,mwilding5w@tripod.com,Male,175.185,Piekosz+¦w,,26,Poland
214,Ashil,Anglim,aanglim5x@washingtonpost.com,Female,237.47,Gaoguan,,,China
215,Desirae,Ramshay,dramshay5y@nymag.com,Female,24.37,ðíð¦ÐÇð¦Ðÿ,,1234,Macedonia
216,Meridith,Cholwell,mcholwell5z@alexa.com,Female,33.142,Boston,Massachusetts,2216,United States
217,Maressa,Rosenbusch,mrosenbusch60@wikimedia.org,Female,100.79,Lap Lae,,65160,Thailand
218,Ralf,Habgood,rhabgood61@phpbb.com,Male,6.22,Bay-ün,,,Kuwait
219,Des,Burwood,dburwood62@theglobeandmail.com,Male,170.164,Espinal,,733529,Colombia
220,Jeane,Surgenor,jsurgenor63@google.es,Female,205.177,Duiwelskloof,,815,South Africa
221,Remy,Guiden,rguiden64@pinterest.com,Female,138.242,Maunggora,,,Indonesia
222,Marcy,Prickett,mprickett65@zimbio.com,Female,91.61,Lleida,Cataluna,25005,Spain
223,Roderick,Wulfinger,rwulfinger66@digg.com,Male,101.97,Magdaleno Aguilar,Tamaulipas,89355,Mexico
224,Lottie,Falkingham,lfalkingham67@amazon.co.uk,Female,215.39,Antalaha,,,Madagascar
225,Thaine,Blacklawe,tblacklawe68@e-recht24.de,Male,69.18,Bah+¡a Honda,,,Cuba
226,Katey,Bewlie,kbewlie69@domainmarket.com,Female,204.44,Fontenay-sous-Bois,+Äle-de-France,94124,France
227,Bibbie,Cuniam,bcuniam6a@parallels.com,Female,182.163,Hongchang,,,China
228,Padget,Devonish,pdevonish6b@huffingtonpost.com,Agender,93.99,Vera Cruz,,17560,Brazil
229,Salomo,Shaves,sshaves6c@fema.gov,Male,27.89,Laspezia,Liguria,19125,Italy
230,Merill,Clynman,mclynman6d@ebay.co.uk,Male,19.101,pamas,,,Iran
231,Evvie,Naris,enaris6e@cargocollective.com,Female,6.252,ÔÇÿAbs,,,Yemen
232,Louie,Meeny,lmeeny6f@java.com,Male,55.9,Kramarz+¦wka,,37,Poland
233,Durand,Kelberer,dkelberer6g@list-manage.com,Male,130.74,Chimanimani,,,Zimbabwe
234,Auberta,Shakle,ashakle6h@bbb.org,Female,153.213,Randuagung,,,Indonesia
235,Ganny,Pursglove,gpursglove6i@whitehouse.gov,Male,245.69,Cube,,,Ecuador
236,Whitney,Flicker,wflicker6j@hud.gov,Genderquee,7.59,Itaitinga,,61880,Brazil
237,Faythe,Diver,fdiver6k@nih.gov,Female,251.17,Jibu,,,China
238,Gwynne,Yegorkin,gyegorkin6l@mapquest.com,Female,33.6,Cawayan,,5409,Philippines
239,Hasheem,Cadigan,hcadigan6m@ebay.com,Non-binary,238.147,Staryy Cherek,,361327,Russia
240,Garvey,de Guerre,gdeguerre6n@bizjournals.com,Male,42,Meiyuan,,,China
241,Irv,Shuker,ishuker6o@wsj.com,Male,95.233,San Rafael,Michoacan De Ocampo,58910,Mexico
242,Merna,Itskovitz,mitskovitz6p@wikia.com,Female,228.63,Margos,,1217,Philippines
243,Lauraine,Aizlewood,laizlewood6q@wiley.com,Female,47.59,Magisterial,Veracruz Llave,92934,Mexico
244,Jaime,Blazdell,jblazdell6r@princeton.edu,Female,11.254,T+®lim+®l+®,,,Guinea
245,Chuck,Boden,cboden6s@goo.gl,Male,193.3,Colorado Springs,Colorado,80930,United States
246,Giovanni,Seymour,gseymour6t@sina.com.cn,Polygender,147.196,Ergates,,,Cyprus
247,Redford,Alder,ralder6u@moonfruit.com,Genderflui,142.187,Qijiazuo,,,China
248,Tammara,Ganforth,tganforth6v@amazon.de,Genderquee,54.43,V+ñster+Ñs,V+ñstmanland,721,Sweden
249,Ragnar,Ellph,rellph6w@reverbnation.com,Male,28.146,Pringu,,,Indonesia
250,Jehanna,Prosh,jprosh6x@ucoz.ru,Female,164.147,Succha,,,Peru
251,Tabbie,Camerello,tcamerello6y@nydailynews.com,Female,141.178,+înoj+ì,,818,Japan
252,Jodie,Wimes,jwimes6z@cafepress.com,Male,124.206,Pasarkolot,,,Indonesia
253,Adoree,Lehrer,alehrer70@reference.com,Female,155.63,V+írzea Grande,,64525,Brazil
254,Mable,Valerius,mvalerius71@histats.com,Bigender,88.226,Zhangbang,,,China
255,Suzann,Murrey,smurrey72@posterous.com,Female,161.183,Mayo Belwa,,,Nigeria
256,Lanna,Stoney,lstoney73@typepad.com,Female,4.62,Nanterre,+Äle-de-France,92004,France
257,Krisha,Brimson,kbrimson74@xinhuanet.com,Polygender,249.29,Balingasag,,9005,Philippines
258,Ibrahim,Fayerbrother,ifayerbrother75@discuz.net,Male,178.232,Chapelton,,,Jamaica
259,Jeffie,D'Enrico,jdenrico76@senate.gov,Male,80.207,-îortanovci,,,Serbia
260,Matthiew,Jennaway,mjennaway77@hao123.com,Polygender,7.199,Chipyela,,,Malawi
261,Eben,Blose,eblose78@disqus.com,Male,61.205,Alimono,,7005,Philippines
262,Jolynn,Daal,jdaal79@gnu.org,Female,40.141,Samir,,,Indonesia
263,Ambrose,Fautley,afautley7a@apple.com,Male,42.76,Q-ürah,,,Syria
264,Tomaso,Bedbury,tbedbury7b@sina.com.cn,Male,202.117,Fa+¥ana,,52212,Croatia
265,Thalia,Rossetti,trossetti7c@studiopress.com,Female,178.126,Brody,,,Ukraine
266,Say,Bladge,sbladge7d@wikispaces.com,Male,153.42,Capiov+¡,,3334,Argentina
267,Riva,Iacobetto,riacobetto7e@jalbum.net,Female,91.158,Novoukrayinka,,,Ukraine
268,Saloma,Skeleton,sskeleton7f@economist.com,Female,177.7,Yanfolila,,,Mali
269,Michal,Ommanney,mommanney7g@imgur.com,Female,70.89,Rochester,New York,14614,United States
270,Sandro,Rusk,srusk7h@elegantthemes.com,Male,55.156,Seabra,,46900,Brazil
271,Renelle,Brevetor,rbrevetor7i@theguardian.com,Female,227.71,Nancheng,,,China
272,Gallard,Brosnan,gbrosnan7j@rediff.com,Male,142.116,Singida,,,Tanzania
273,Dicky,Geare,dgeare7k@google.com,Male,155.43,Bar-le-Duc,Lorraine,55013,France
274,Krystyna,Ottewill,kottewill7l@google.co.uk,Female,227.1,Port Nolloth,,8284,South Africa
275,Lyndsie,Parcells,lparcells7m@webs.com,Female,230.19,Ciguna,,,Indonesia
276,Tanitansy,Chinery,tchinery7n@latimes.com,Female,87.52,Ossora,,688700,Russia
277,Homer,Bourgeois,hbourgeois7o@miibeian.gov.cn,Bigender,6.65,Bejuco,,,Panama
278,Rosemary,Balaison,rbalaison7p@mozilla.com,Female,225.192,Jawornik,,38,Poland
279,Hanna,Cuthbert,hcuthbert7q@jigsy.com,Female,124.11,Di+¦ni,,,Greece
280,Adam,Farrand,afarrand7r@meetup.com,Male,239.8,+ûjebyn,Norrbotten,943,Sweden
281,Ike,Iacopetti,iiacopetti7s@paypal.com,Male,216.14,Binangun,,,Indonesia
282,Caye,Sherme,csherme7t@chron.com,Female,43.8,Zelva,,,Belarus
283,Odey,Bramhall,obramhall7u@usgs.gov,Male,183.21,Siemiech+¦w,,33,Poland
284,Klarrisa,Gethins,kgethins7v@dot.gov,Female,96.75,Chaoshui,,,China
285,Annetta,Depper,adepper7w@ibm.com,Female,151.34,La Paz,,8508,Philippines
286,Toiboid,Isles,tisles7x@yolasite.com,Male,46.159,T+ón Ch+óu,,,Vietnam
287,Conrado,Bourton,cbourton7y@scientificamerican.com,Male,44.229,Kamp+ínis,,,Greece
288,Norrie,Baal,nbaal7z@yahoo.co.jp,Male,76.89,Nancheng,,,China
289,Cathlene,Kalberer,ckalberer80@amazonaws.com,Female,135.8,Butel,,1040,Macedonia
290,Shannon,Rapo,srapo81@com.com,Female,134.243,Liloan,,6612,Philippines
291,Elvera,Steger,esteger82@theatlantic.com,Female,83.112,Kal-ün Deh,,,Afghanistan
292,Tulley,Adshead,tadshead83@accuweather.com,Male,92.1,Frederico Westphalen,,98400,Brazil
293,Erl,Bernollet,ebernollet84@comcast.net,Male,196.102,Stepnogorsk,,,Kazakhstan
294,Rhodia,Teresa,rteresa85@ow.ly,Female,114.34,Cijayana,,,Indonesia
295,Rosaleen,Eddowes,reddowes86@seattletimes.com,Female,15.207,Nyimba,,,Zambia
296,Darnell,Denyagin,ddenyagin87@mashable.com,Male,223.223,Fenoarivo Atsinanana,,,Madagascar
297,Maren,Sendall,msendall88@ucsd.edu,Female,145.229,Velikiy Ustyug,,162399,Russia
298,Raviv,Davidescu,rdavidescu89@microsoft.com,Male,38.153,Kuangyuan,,,China
299,Craig,Le Pine,clepine8a@twitter.com,Male,228.92,Mingyue,,,China
300,Montague,Klimecki,mklimecki8b@fotki.com,Male,143.206,Karanglo,,,Indonesia
301,Fredericka,Asher,fasher8c@mashable.com,Female,19.9,Quilpu+®,,,Chile
302,Prudy,Wloch,pwloch8d@ibm.com,Female,50.28,Fuzhuang,,,China
303,Abbot,Solway,asolway8e@hao123.com,Male,143.192,Kh+½gy-üß¦ë-½,,,Afghanistan
304,Ashil,Fulmen,afulmen8f@acquirethisname.com,Female,109.126,Teberda,,397608,Russia
305,Graig,Whoston,gwhoston8g@t.co,Male,83.222,Qingban,,,China
306,Elwood,Carmichael,ecarmichael8h@e-recht24.de,Male,140.252,Montpellier,Languedoc-Roussillon,34087,France
307,Wilburt,McGuckin,wmcguckin8i@cnn.com,Male,206.9,S+úo Lu+¡s,,65000,Brazil
308,Tadd,Carlick,tcarlick8j@networksolutions.com,Male,96.199,Kachar,,,Kazakhstan
309,Russ,Martensen,rmartensen8k@earthlink.net,Male,176.172,Duki,,84200,Pakistan
310,Gradey,Dew,gdew8l@amazon.de,Bigender,21.187,Melaka,Melaka,75910,Malaysia
311,Jessie,Heathcote,jheathcote8m@php.net,Female,119.159,Xiangyanglu,,,China
312,Sunshine,Bollard,sbollard8n@phoca.cz,Female,33.191,Bani,,2407,Philippines
313,Crosby,Limpertz,climpertz8o@histats.com,Male,16.107,Sorochinsk,,461949,Russia
314,Angelina,Westmerland,awestmerland8p@github.com,Female,96.103,Changjiang,,,China
315,Elka,Troop,etroop8q@cloudflare.com,Female,203.34,Leidian,,,China
316,Frederic,Chatelot,fchatelot8r@state.tx.us,Male,145.232,Manggis,,,Indonesia
317,Carlina,Redfearn,credfearn8s@mashable.com,Female,136.153,Trilj,,21240,Croatia
318,Lia,Godard,lgodard8t@cam.ac.uk,Female,142.34,I+¦apari,,,Peru
319,Sada,Lecordier,slecordier8u@hugedomains.com,Female,251.43,Herne,Nordrhein-Westfalen,44629,Germany
320,Merle,Mielnik,mmielnik8v@washington.edu,Female,251.92,F+Âgl+Â,,22710,Aland Islands
321,Ferrell,Harrap,fharrap8w@wix.com,Male,0.33,Voloka,,,Ukraine
322,Tomasina,Carnoghan,tcarnoghan8x@sphinn.com,Female,212.225,Digdig,,9318,Philippines
323,Julie,Yuryichev,jyuryichev8y@soup.io,Male,152.233,V+ñxj+Â,Kronoberg,351,Sweden
324,Cherice,Schneidar,cschneidar8z@apache.org,Female,200.69,Bosanski Novi,,,Bosnia and Herzegovi
325,Dixie,Bardwall,dbardwall90@blogger.com,Female,80.148,Wawu,,,China
326,Leola,Genicke,lgenicke91@naver.com,Female,105.253,P+¢rgos,,,Greece
327,Urbanus,Graben,ugraben92@nba.com,Male,5.93,Porto Uni+úo,,89400,Brazil
328,Anna-diana,Quarrell,aquarrell93@prweb.com,Female,227.155,Waiholo,,,Indonesia
329,Valerie,Denyukin,vdenyukin94@time.com,Female,28.222,Ballitoville,,4430,South Africa
330,Ardys,Moodie,amoodie95@reuters.com,Female,160.222,Vr+íac,,,Serbia
331,Lynn,Mellers,lmellers96@tinyurl.com,Female,202.254,Titab,,,Indonesia
332,Bessy,Spurden,bspurden97@miibeian.gov.cn,Female,144.166,Bethal,,2320,South Africa
333,Lisetta,Parkes,lparkes98@un.org,Female,132.18,Shiniujiang,,,China
334,Iggy,Shotboulte,ishotboulte99@imdb.com,Male,191.46,Hondo Valle,,11512,Dominican Republic
335,Alejandrina,Prestige,aprestige9a@tumblr.com,Female,87.188,Cerkvenjak,,2236,Slovenia
336,Hakim,Kennler,hkennler9b@digg.com,Male,104.217,Dazaifu,,818,Japan
337,Aida,McCarty,amccarty9c@ox.ac.uk,Bigender,203.211,Bukhovo,,2137,Bulgaria
338,Franklin,Balmforth,fbalmforth9d@youku.com,Male,240.184,Xiage,,,China
339,Halie,Butterfill,hbutterfill9e@nydailynews.com,Female,62.152,Peskovka,,612730,Russia
340,Emelda,Macci,emacci9f@census.gov,Female,7.109,Boulsa,,,Burkina Faso
341,Marlowe,Aldous,maldous9g@163.com,Male,168.209,Igboho,,,Nigeria
342,Darell,Merrigan,dmerrigan9h@theglobeandmail.com,Female,158.108,Julayjilah,,,Saudi Arabia
343,Audrye,Giacopini,agiacopini9i@businessinsider.com,Female,121.247,Muzidian,,,China
344,Dominick,Tidgewell,dtidgewell9j@blogger.com,Male,193.72,Wierzchowo,,78,Poland
345,Dulcia,Stitwell,dstitwell9k@live.com,Female,205.133,Malindi,,,Kenya
346,Larine,Sherrett,lsherrett9l@bloglines.com,Female,56.246,Maseru,,,Lesotho
347,Andrew,Hewes,ahewes9m@parallels.com,Male,253.247,Fuqiang,,,China
348,Terry,Farthin,tfarthin9n@archive.org,Female,217.127,Angoul+¬me,Poitou-Charentes,16904,France
349,Claretta,Howchin,chowchin9o@stumbleupon.com,Polygender,211.209,Lapinj+ñrvi,,7800,Finland
350,Sharline,Sayce,ssayce9p@paginegialle.it,Female,120.232,Bzenec,,696,Czech Republic
351,Frannie,Morcomb,fmorcomb9q@omniture.com,Male,27.152,Vereshchagino,,303642,Russia
352,Consuela,Grigoryov,cgrigoryov9r@admin.ch,Female,171.145,Grij+¦,Porto,4415,Portugal
353,Darcy,Vost,dvost9s@shareasale.com,Polygender,250.5,Muang Sam Sip,,45000,Thailand
354,Ketty,Stiggles,kstiggles9t@google.fr,Bigender,128.136,Chunghwa,,,North Korea
355,Ashlan,Croxley,acroxley9u@spotify.com,Female,150.3,Creil,Picardie,60922,France
356,Adam,Houseman,ahouseman9v@pcworld.com,Male,43.239,Danzao,,,China
357,Alison,Sprigg,asprigg9w@tripod.com,Female,46.169,Quilman+í,,,Peru
358,Madelena,Yong,myong9x@rambler.ru,Female,97.71,Birmingham,Alabama,35205,United States
359,Mabelle,Crathorne,mcrathorne9y@yolasite.com,Female,98.27,Pantai Ceuremen,,,Indonesia
360,Cyril,Gittens,cgittens9z@freewebs.com,Male,218.167,Machinda,,,Equatorial Guinea
361,Dionne,Fransewich,dfransewicha0@bloglines.com,Female,220.141,Nglengkir,,,Indonesia
362,Tony,Dumpleton,tdumpletona1@alibaba.com,Male,7.25,Rakaia,,7743,New Zealand
363,Mellisent,Provis,mprovisa2@so-net.ne.jp,Female,220.147,Sami,,,Gambia
364,Lorene,Kaesmakers,lkaesmakersa3@biblegateway.com,Female,37.171,Verblyany,,,Ukraine
365,Nikki,Perryman,nperrymana4@google.com.br,Non-binary,192.32,Kopen,,,Indonesia
366,Venus,Cornbill,vcornbilla5@altervista.org,Female,44.69,Corroios,Set+¦bal,2855,Portugal
367,Mae,Hellard,mhellarda6@bbb.org,Female,142.255,Mafra,Lisboa,2640,Portugal
368,Lek,Eard,learda7@histats.com,Male,125.244,Jarash,,,Jordan
369,Temple,Iddon,tiddona8@whitehouse.gov,Male,127.224,Palalang,,,Indonesia
370,Mikaela,Chawkley,mchawkleya9@furl.net,Female,85.95,Beidou,,,China
371,Guglielma,Lates,glatesaa@marriott.com,Female,62.24,Lamalera,,,Indonesia
372,Wilhelmina,Heineking,wheinekingab@comcast.net,Female,59.161,Oslo,Oslo,477,Norway
373,Eleonora,Lambin,elambinac@storify.com,Female,98.236,Spassk-Dalniy,,692239,Russia
374,Etan,Bianco,ebiancoad@tinypic.com,Male,77.155,Kosum Phisai,,44140,Thailand
375,Monica,Langridge,mlangridgeae@jugem.jp,Female,159.116,Kon Tum,,,Vietnam
376,Lay,Isakov,lisakovaf@list-manage.com,Male,89.11,Fernando Gutierrez B,Veracruz Llave,93420,Mexico
377,Bear,Van Oord,bvanoordag@freewebs.com,Male,96.44,Haiphong,,,Vietnam
378,Gregorio,Jeffry,gjeffryah@4shared.com,Male,31.136,Krajan Satu,,,Indonesia
379,Mab,Sidebottom,msidebottomai@sina.com.cn,Female,133.243,San Carlos de Barilo,,8400,Argentina
380,Guillema,Rowney,growneyaj@nbcnews.com,Bigender,96.15,Esmeraldas,,,Ecuador
381,Yale,Peotz,ypeotzak@theatlantic.com,Male,25.66,Zhongfan,,,China
382,Consolata,Warcup,cwarcupal@mediafire.com,Female,211.109,Langsa,,,Indonesia
383,Millicent,Cheesman,mcheesmanam@indiegogo.com,Female,233.96,Benisheikh,,,Nigeria
384,Arty,Eich,aeichan@blogtalkradio.com,Male,222.122,Ia+ºu,,46860,Brazil
385,Dwayne,Slack,dslackao@issuu.com,Male,163.213,Peicheng,,,China
386,Didi,Brosh,dbroshap@indiegogo.com,Female,114.16,Cimalati,,,Indonesia
387,Deck,Lesper,dlesperaq@netlog.com,Male,138.88,Kargowa,,66,Poland
388,Xylina,Dubock,xdubockar@businesswire.com,Female,15.244,Runaway Bay,,,Jamaica
389,Rooney,Radbone,rradboneas@barnesandnoble.com,Male,106.245,Sukamaju,,,Indonesia
390,Conni,Edlington,cedlingtonat@diigo.com,Non-binary,143.169,+¢ihle,,331,Czech Republic
391,Myrle,Woodson,mwoodsonau@ucsd.edu,Female,145.57,Shishan,,,China
392,Clemence,Stefanovic,cstefanovicav@moonfruit.com,Genderquee,62.49,El Copey,,201018,Colombia
393,Helge,Earpe,hearpeaw@hostgator.com,Female,237.106,Nizui,,,China
394,Klaus,Zapater,kzapaterax@naver.com,Male,210.124,++urowa,,38,Poland
395,Staci,Colnet,scolnetay@examiner.com,Female,145.154,Hongmei,,,China
396,Haley,Goldhawk,hgoldhawkaz@fda.gov,Bigender,243.162,Ifanadiana,,,Madagascar
397,Kasey,Jolly,kjollyb0@wikimedia.org,Female,243.89,Corralillo,,,Cuba
398,Alvina,Fishbourne,afishbourneb1@de.vu,Female,74.252,Th+ánh Phß+æ U+¦ng B,,,Vietnam
399,Jeniffer,Clooney,jclooneyb2@canalblog.com,Agender,24.82,Muang Ph+¦n-H+¦ng,,,Laos
400,Giorgi,Ferrea,gferreab3@mashable.com,Male,185.233,Boundiali,,,Ivory Coast
401,Carly,Gantzman,cgantzmanb4@dyndns.org,Female,152.239,+üubnice,,98,Poland
402,Beverlee,Lintin,blintinb5@youtu.be,Female,84.28,Don Carlos,,8712,Philippines
403,Florrie,Inggall,finggallb6@nhs.uk,Female,203.108,Ab+¦boda,Lisboa,2785,Portugal
404,Beverly,Nolleau,bnolleaub7@rediff.com,Female,174.254,Lebedyan,,623511,Russia
405,Carce,Mufford,cmuffordb8@columbia.edu,Male,207.161,Paris 16,+Äle-de-France,75220,France
406,Clerc,Winckle,cwinckleb9@skyrock.com,Male,209.153,G+Âteborg,V+ñstra G+Âtaland,415,Sweden
407,Glenine,Ripon,griponba@stanford.edu,Female,64.26,Dingli,,0,Malta
408,Aurlie,Greenstock,agreenstockbb@cnet.com,Female,246.171,Telagasari,,,Indonesia
409,Karina,Austing,kaustingbc@indiegogo.com,Female,245.6,Daxing,,,China
410,Nolana,Thireau,nthireaubd@marketwatch.com,Female,147.123,Al Hijrah,,,Yemen
411,Dom,Rembrandt,drembrandtbe@woothemes.com,Male,2.32,Lampihung,,,Indonesia
412,Letisha,Haster,lhasterbf@spotify.com,Female,39.15,Jinzhou,,,China
413,Kailey,Gaunson,kgaunsonbg@booking.com,Female,129.247,Jhumra,,50355,Pakistan
414,Mallory,Lochhead,mlochheadbh@networkadvertising.org,Male,114.107,Banjar Tengah,,,Indonesia
415,Em,Sissot,esissotbi@barnesandnoble.com,Male,239.157,Petrovice u Karvin+®,,735,Czech Republic
416,Bronny,Scatchard,bscatchardbj@pcworld.com,Male,239.187,Ialoveni,,0,Moldova
417,Rowney,Dackombe,rdackombebk@uiuc.edu,Male,56.232,At Taß©®-ülif,,,Yemen
418,Trudie,Buggy,tbuggybl@imageshack.us,Female,12.108,Tianxin,,,China
419,Sarena,Lippatt,slippattbm@businessweek.com,Genderquee,107.207,Imaan,,,Indonesia
420,Ara,Belison,abelisonbn@list-manage.com,Female,22.106,V+Ñrby,Stockholm,143,Sweden
421,Cloe,Buckie,cbuckiebo@nifty.com,Female,87.32,Ti+¬n Phã¦ß+øc,,,Vietnam
422,Cyndi,Anan,cananbp@msn.com,Female,26.181,Tonggoh,,,Indonesia
423,Dorolisa,Larratt,dlarrattbq@goo.ne.jp,Female,60.219,Jinxiang,,,China
424,Dody,Robilliard,drobilliardbr@tripod.com,Female,85,Awka,,,Nigeria
425,Maiga,Formilli,mformillibs@t.co,Female,167.124,Kosakowo,,81,Poland
426,Fawne,Krochmann,fkrochmannbt@adobe.com,Female,141.93,Udanin,,55,Poland
427,Hilary,Tripett,htripettbu@multiply.com,Female,70.14,Klisura,,4341,Bulgaria
428,Derk,Tammadge,dtammadgebv@loc.gov,Male,42.138,Wufu,,,China
429,Jodi,Taggart,jtaggartbw@nature.com,Male,111.7,Dengok,,,Indonesia
430,Babara,Malmar,bmalmarbx@list-manage.com,Female,133.108,Khlong Hat,,27260,Thailand
431,Ruggiero,Hanmore,rhanmoreby@twitter.com,Male,252.46,Postupice,,257,Czech Republic
432,Barnaby,Wetter,bwetterbz@imageshack.us,Male,150.191,Jarinu,,13240,Brazil
433,Mariele,Franzetti,mfranzettic0@goo.gl,Female,157.133,Perm,,614097,Russia
434,Odell,Scoffins,oscoffinsc1@berkeley.edu,Male,236.204,Sofifi,,,Indonesia
435,Paulette,Nuschke,pnuschkec2@telegraph.co.uk,Female,173.199,Morohong+ì,,357,Japan
436,Aurilia,Pargent,apargentc3@ihg.com,Female,48.14,Ribeiro,Vila Real,5030,Portugal
437,Anatol,Clowton,aclowtonc4@mayoclinic.com,Male,136.29,Vicente Guerrero,Guerrero,39200,Mexico
438,Nevsa,Vuitte,nvuittec5@theglobeandmail.com,Female,26.49,Santa Rosa de Lima,,,El Salvador
439,Maddalena,Najera,mnajerac6@amazonaws.com,Female,12.226,Staraya Derevnya,,422367,Russia
440,Toddy,Beert,tbeertc7@cnet.com,Male,6.175,Jastrebarsko,,10450,Croatia
441,Katherine,Lundy,klundyc8@cnet.com,Genderquee,178.1,M+Âlndal,V+ñstra G+Âtaland,431,Sweden
442,Maurita,Avramovitz,mavramovitzc9@posterous.com,Genderquee,224.33,Nanhe,,,China
443,Mayer,Durden,mdurdenca@earthlink.net,Agender,144.231,Huangshi,,,China
444,Leyla,Wellen,lwellencb@statcounter.com,Bigender,122.4,Ume+Ñ,V+ñsterbotten,903,Sweden
445,Cory,Tuvey,ctuveycc@bbb.org,Female,164.76,Bestovje,,10437,Croatia
446,Gib,Matussevich,gmatussevichcd@purevolume.com,Male,165.213,Bry-sur-Marne,+Äle-de-France,94364,France
447,Wenda,Flori,wflorice@gizmodo.com,Female,171.105,Liop+®tri,,,Cyprus
448,Fielding,Whall,fwhallcf@behance.net,Male,58.249,Beaumont,Texas,77705,United States
449,Lucian,Fildes,lfildescg@disqus.com,Male,44.136,Dongmazar,,,China
450,Corbet,Madgwick,cmadgwickch@issuu.com,Genderflui,46.105,Gesikan,,,Indonesia
451,Wynn,Bletsoe,wbletsoeci@wufoo.com,Male,176.21,Maunggora,,,Indonesia
452,Jenine,Klimus,jklimuscj@booking.com,Female,50.177,Xiyang,,,China
453,Stillmann,Paulet,spauletck@4shared.com,Male,61.104,Siem Reap,,,Cambodia
454,Hashim,Ryrie,hryriecl@answers.com,Male,207.42,Nizhnyaya Tura,,632851,Russia
455,Urbanus,Rayburn,urayburncm@1688.com,Male,41.49,Xintun,,,China
456,Roshelle,Dimmock,rdimmockcn@google.es,Female,221.48,Nancun,,,China
457,Alessandra,Phillcox,aphillcoxco@sitemeter.com,Female,177.16,Longnawang,,,Indonesia
458,Anderson,Ritchie,aritchiecp@census.gov,Male,33.184,Alua,,3109,Philippines
459,Biron,Godain,bgodaincq@pcworld.com,Male,6.9,Guadalupe,Mexico,52107,Mexico
460,Marijo,McCloud,mmccloudcr@youku.com,Bigender,203.49,Trnovlje pri Celju,,3215,Slovenia
461,Falkner,Gillson,fgillsoncs@pbs.org,Male,181.223,+üu++na,,38,Poland
462,Victoir,Taplow,vtaplowct@sphinn.com,Male,172.187,Mangaldan,,2432,Philippines
463,Didi,Demanche,ddemanchecu@geocities.jp,Female,209.224,Quelimane,,,Mozambique
464,Penny,Ramsdale,pramsdalecv@free.fr,Male,163.85,Maogang,,,China
465,Skelly,Sherwin,ssherwincw@businessinsider.com,Male,34.82,Levallois-Perret,+Äle-de-France,92684,France
466,Cale,Ather,cathercx@freewebs.com,Male,86.62,Ribeira do Pombal,,48400,Brazil
467,Zsazsa,Barnson,zbarnsoncy@devhub.com,Female,34.154,Niamtougou,,,Togo
468,Alfred,Wythill,awythillcz@ning.com,Male,89.142,Stykkish+¦lmur,,340,Iceland
469,Grace,Leinster,gleinsterd0@pbs.org,Male,114.228,Alajuelita,,11001,Costa Rica
470,Garvey,Seiter,gseiterd1@pagesperso-orange.fr,Male,55.152,Chipyela,,,Malawi
471,Dar,Binning,dbinningd2@taobao.com,Male,141.125,Zhongxing,,,China
472,Karmen,Launchbury,klaunchburyd3@naver.com,Female,140.35,Lubukgadang,,,Indonesia
473,Fred,Critten,fcrittend4@last.fm,Genderflui,62.64,Blagoevgrad,,2729,Bulgaria
474,Maddie,Parell,mparelld5@tinyurl.com,Male,39.222,Reims,Champagne-Ardenne,51571,France
475,Cairistiona,Reeme,creemed6@spiegel.de,Female,234.16,Facatativ+í,,253017,Colombia
476,Saxon,Hlavac,shlavacd7@indiatimes.com,Male,43.14,S+¡kinos,,,Greece
477,Sabine,Daye,sdayed8@e-recht24.de,Female,76.112,El Cocuy,,151287,Colombia
478,Timotheus,Borles,tborlesd9@indiatimes.com,Male,226.224,Emiliano Zapata,Oaxaca,70805,Mexico
479,Susette,Brislawn,sbrislawnda@sakura.ne.jp,Female,88.55,Zaleszany,,37,Poland
480,Meridith,Holligan,mholligandb@nationalgeographic.com,Female,17.128,Sk+Âvde,V+ñstra G+Âtaland,541,Sweden
481,Steffen,McGinnis,smcginnisdc@go.com,Male,187.207,Shuyuan Zhen,,,China
482,Dewey,Portlock,dportlockdd@wiley.com,Male,143.222,Brd+¦w,,62,Poland
483,Sherman,Chidgey,schidgeyde@techcrunch.com,Male,250.233,Kudara-Somon,,671836,Russia
484,Harley,L'oiseau,hloiseaudf@microsoft.com,Non-binary,120.28,Chelopech,,2087,Bulgaria
485,Gaile,Ivashnikov,givashnikovdg@yahoo.com,Male,114.225,Baoquan,,,China
486,Weston,Freyn,wfreyndh@soup.io,Genderquee,143.48,Kainantu,,,Papua New Guinea
487,Carney,Korneichuk,ckorneichukdi@fastcompany.com,Male,234.213,Mauhao,,5214,Philippines
488,Stillmann,McReedy,smcreedydj@marketwatch.com,Male,66.18,Liverpool,England,0,United Kingdom
489,Maureene,Blowick,mblowickdk@hao123.com,Female,153.165,Dongyang,,,China
490,Gearard,Calender,gcalenderdl@fastcompany.com,Male,94.182,Agraharam,Andhra Pradesh,532663,India
491,Ashia,Daunay,adaunaydm@ameblo.jp,Bigender,214.254,Hwange,,,Zimbabwe
492,Saxon,Brook,sbrookdn@smh.com.au,Male,208.211,Seversk,,617504,Russia
493,Christophe,Drissell,cdrisselldo@a8.net,Male,13.51,Wilanagara,,,Indonesia
494,Darlleen,Palmer,dpalmerdp@businessinsider.com,Female,15.151,Oeiras,,64500,Brazil
495,Roxy,Diego,rdiegodq@sitemeter.com,Female,3.247,Nanyuan,,,China
496,Brennan,Riddick,briddickdr@narod.ru,Male,75.47,Szombathely,Vas,9704,Hungary
497,Sande,Thorneloe,sthorneloeds@seattletimes.com,Female,142.216,Ponte,Viseu,3680,Portugal
498,Yalonda,McInnes,ymcinnesdt@stumbleupon.com,Female,118.74,Torrevieja,Comunidad Valenciana,3184,Spain
499,Moll,Bruun,mbruundu@list-manage.com,Female,187.235,Fao Rai,,43120,Thailand
500,Laurence,Deaville,ldeavilledv@techcrunch.com,Polygender,216.111,Ch+ólons-en-Champagn,Champagne-Ardenne,51039,France
501,Cristen,Haseldine,chaseldinedw@engadget.com,Female,108.15,Sangzhen,,,China
502,Monti,Cartledge,mcartledgedx@quantcast.com,Male,100.171,Rambatan,,,Indonesia
503,Diego,Blazewski,dblazewskidy@columbia.edu,Male,241.175,Hongzhou,,,China
504,Robb,Fullegar,rfullegardz@tmall.com,Male,69.224,Torbeyevo,,431045,Russia
505,Maressa,Scroxton,mscroxtone0@360.cn,Female,149.12,Horka nad Moravou,,783,Czech Republic
506,Lexie,Phipard-Shears,lphipardshearse1@loc.gov,Female,233.149,Santa Elena,,4135,Argentina
507,Thomasin,Lambourne,tlambournee2@aboutads.info,Female,248.79,Rencun,,,China
508,Gard,Polden,gpoldene3@google.ca,Male,128.232,Ruixi,,,China
509,Mela,Rotte,mrottee4@bbb.org,Female,73.82,Baroy,,9210,Philippines
510,Bradney,Covotti,bcovottie5@apache.org,Male,169.72,Fenjie,,,China
511,Jillayne,Harmes,jharmese6@netlog.com,Female,255.145,Zhaobei,,,China
512,Ruthann,Karleman,rkarlemane7@mozilla.com,Female,30.54,Sanhe,,,China
513,Phillie,Gregoletti,pgregolettie8@addthis.com,Female,81.39,Qujing,,,China
514,Spencer,Braz,sbraze9@google.nl,Genderquee,119.64,Uddevalla,V+ñstra G+Âtaland,451,Sweden
515,Morly,Groveham,mgrovehamea@rediff.com,Male,148.15,Gondomar,Braga,4800,Portugal
516,Patric,Golder,pgoldereb@howstuffworks.com,Male,89.169,Nowshera,,43261,Pakistan
517,Larry,Pell,lpellec@mlb.com,Male,43.117,Hexi,,,China
518,Darelle,Shankle,dshankleed@cloudflare.com,Female,71.249,Huanoquite,,,Peru
519,Berky,Innocent,binnocentee@4shared.com,Male,73.23,Naikolan,,,Indonesia
520,Yetta,Quarles,yquarlesef@dell.com,Female,33.179,Al Q-ürah,,,Saudi Arabia
521,Ellsworth,Roskeilly,eroskeillyeg@unblog.fr,Male,140.122,Bagikkedok Lauk,,,Indonesia
522,Chryste,Torrans,ctorranseh@etsy.com,Female,20.226,Jiuhua,,,China
523,Sherri,Fussell,sfussellei@umn.edu,Female,115.17,Plumbangan,,,Indonesia
524,Tiphani,Nunes Nabarro,tnunesnabarroej@amazon.co.uk,Female,117.158,Santa Cruz de Baraho,,11005,Dominican Republic
525,Flory,Blackadder,fblackadderek@nsw.gov.au,Male,170.34,Walichnowy,,85,Poland
526,Meg,Brandassi,mbrandassiel@bbb.org,Polygender,131.145,Cangkreng,,,Indonesia
527,Beilul,Cornish,bcornishem@state.gov,Female,92.23,Balidian,,,China
528,Kendrick,Rase,kraseen@ovh.net,Male,194,Sukogunungkrajan,,,Indonesia
529,Valencia,Tyne,vtyneeo@blogger.com,Female,205.155,Bayanbaraat,,,Mongolia
530,Niels,Cattonnet,ncattonnetep@aboutads.info,Male,181.72,Cuntan,,,China
531,Twila,Ludvigsen,tludvigseneq@desdev.cn,Female,204.59,Casa Nova,Lisboa,2655,Portugal
532,Angelica,Foreman,aforemaner@ustream.tv,Female,123.59,Oke Ila,,,Nigeria
533,Zachary,Daviot,zdaviotes@weebly.com,Male,66.35,El Quite+¦o,,,Panama
534,Dennison,Vaugham,dvaughamet@cpanel.net,Male,213.23,Valladolid,Castilla - Leon,47010,Spain
535,Harry,Brandsma,hbrandsmaeu@google.com,Male,232.248,Pingling,,,China
536,Sigismundo,Syres,ssyresev@patch.com,Polygender,205.146,Sabana Grande,,,Venezuela
537,Shelby,Vannacci,svannacciew@mayoclinic.com,Female,116.22,Mosteiros,Ilha de S+úo Miguel,9555,Portugal
538,Antone,Fruchter,afruchterex@nytimes.com,Male,69.82,Kubanskiy,,102085,Russia
539,Terri,Taylour,ttaylourey@seesaa.net,Male,159.79,Nueva Loja,,,Ecuador
540,Sigfrid,Ellcome,sellcomeez@myspace.com,Male,238.123,Horn+¡ -îermn+í,,561,Czech Republic
541,Karlik,Steers,ksteersf0@bluehost.com,Male,171.42,Kerbuyan,,,Indonesia
542,Lola,Bygreaves,lbygreavesf1@army.mil,Female,78.54,Tinumpuk,,,Indonesia
543,Belle,Albrecht,balbrechtf2@sourceforge.net,Female,63.162,Shahb-ü,,,Syria
544,Melamie,McConnulty,mmcconnultyf3@bloglines.com,Female,154.215,Akim Oda,,,Ghana
545,Shayla,Visick,svisickf4@huffingtonpost.com,Female,156.148,Cerenti,,,Indonesia
546,Bendite,Semper,bsemperf5@smugmug.com,Female,135.173,Chaodi,,,China
547,Tessi,Minney,tminneyf6@squarespace.com,Female,241.136,Tost,,,China
548,Sterne,Wyse,swysef7@blogger.com,Male,239.194,Stockholm,Stockholm,116,Sweden
549,Merralee,Sutheran,msutheranf8@xing.com,Female,54.224,Yako,,,Burkina Faso
550,Katlin,Franke,kfrankef9@google.com.br,Female,253.38,Liancheng,,,China
551,Gweneth,Akam,gakamfa@constantcontact.com,Female,88.201,Muramatsu,,441,Japan
552,Allene,Garlette,agarlettefb@bbb.org,Female,18.179,Tiebiancheng,,,China
553,Kerby,Synder,ksynderfc@salon.com,Male,8.37,Longshe,,,China
554,Audre,Currall,acurrallfd@examiner.com,Bigender,23.203,Longhua,,,China
555,Herve,Goodricke,hgoodrickefe@addtoany.com,Male,224.92,Washington,District of Columbia,20057,United States
556,Marcel,Shovelbottom,mshovelbottomff@sfgate.com,Genderflui,231.197,Agua Fr+¡a,,,Honduras
557,Quinta,Reef,qreeffg@blinklist.com,Female,154.4,Bali,,,Cameroon
558,Adriaens,Smitheman,asmithemanfh@live.com,Female,28.78,Ungca,,5004,Philippines
559,Efrem,Hymer,ehymerfi@sina.com.cn,Male,206.118,-îe+íinovo,,2333,Macedonia
560,Danila,Bowton,dbowtonfj@ftc.gov,Female,25.113,Wangunjaya,,,Indonesia
561,Knox,Hurll,khurllfk@phpbb.com,Male,147.81,Pandat,,,Indonesia
562,Findley,Rawdales,frawdalesfl@imdb.com,Male,57.245,Kirovsk,,187349,Russia
563,Sean,O' Donohoe,sodonohoefm@nymag.com,Male,46.106,Knoxville,Tennessee,37914,United States
564,Uta,Bartholin,ubartholinfn@plala.or.jp,Female,181.14,Lammi,,16901,Finland
565,Addy,Wloch,awlochfo@hp.com,Male,188.104,Hihy-ü,,,Egypt
566,Symon,Kleinholz,skleinholzfp@wix.com,Male,218.167,Kaw-Öczyn,,62,Poland
567,Electra,Castella,ecastellafq@biblegateway.com,Female,145.127,Leon,Castilla - Leon,24193,Spain
568,Henriette,Peaddie,hpeaddiefr@t.co,Female,157.137,Jawand,,,Afghanistan
569,Orran,Hollyer,ohollyerfs@youtube.com,Male,52.59,Jialou,,,China
570,Ivy,Buttrum,ibuttrumft@paypal.com,Female,79.197,Bad-½n,,72200,Pakistan
571,Bancroft,Suddaby,bsuddabyfu@w3.org,Male,26.226,Yuewan,,,China
572,Andris,Rappport,arappportfv@drupal.org,Male,113.164,Zhouhe,,,China
573,Tatum,Pragnell,tpragnellfw@ox.ac.uk,Female,102.232,Pak Thong Chai,,30150,Thailand
574,Fax,Floris,fflorisfx@foxnews.com,Male,239.2,Katagum,,,Nigeria
575,Marena,Chastey,mchasteyfy@microsoft.com,Female,45.58,Manalad,,6109,Philippines
576,Niccolo,Bracken,nbrackenfz@fc2.com,Male,196.99,Johnson City,Tennessee,37605,United States
577,Gertie,Tiner,gtinerg0@parallels.com,Female,136.185,San Mariano,,3332,Philippines
578,Cyrill,Bitchener,cbitchenerg1@examiner.com,Male,25.182,Pindi Gheb,,43260,Pakistan
579,Avigdor,Southerell,asoutherellg2@yale.edu,Male,47.85,Penalva de Alva,Coimbra,3400,Portugal
580,Paolo,Rolance,prolanceg3@istockphoto.com,Male,57.23,Telmin Suma,,,Mongolia
581,Chandler,Lockitt,clockittg4@sitemeter.com,Male,143.151,Juranalas,,,Indonesia
582,Jackie,Wellard,jwellardg5@reverbnation.com,Female,70.132,Taltal,,6715,Philippines
583,Lonee,Pennington,lpenningtong6@privacy.gov.au,Bigender,231.216,Nanmen,,,China
584,Sherrie,Valsler,svalslerg7@google.it,Female,188.254,General Conesa,,8503,Argentina
585,Maurise,Simonds,msimondsg8@home.pl,Male,127.115,Carson City,Nevada,89714,United States
586,Dode,Tearney,dtearneyg9@behance.net,Female,132.154,Bu+ºimas,,,Albania
587,Barty,Carney,bcarneyga@who.int,Male,238.206,Walakeri,,,Indonesia
588,Marge,Mackstead,mmacksteadgb@marketwatch.com,Female,93.13,Dallas,Texas,75342,United States
589,Lyssa,Lemme,llemmegc@cbslocal.com,Genderquee,75.6,Duishan,,,China
590,Yetty,Early,yearlygd@narod.ru,Female,14.191,Degeberga,Sk+Ñne,297,Sweden
591,Almira,Ubee,aubeege@usgs.gov,Female,39.215,Sval+Âv,Sk+Ñne,268,Sweden
592,Betti,Keenan,bkeenangf@shutterfly.com,Female,121.154,N-üß©®iyat as SabÔÇÿ,,,Syria
593,Petunia,Cockcroft,pcockcroftgg@hubpages.com,Female,30.75,Loma Alta,Tamaulipas,87605,Mexico
594,Letisha,Gilding,lgildinggh@pagesperso-orange.fr,Female,91.107,Bykivka,,,Ukraine
595,Prudy,Wearing,pwearinggi@yellowbook.com,Female,211.84,Binhe,,,China
596,Richmond,Scurfield,rscurfieldgj@usatoday.com,Male,34.235,Cubar+í,,151427,Colombia
597,Stephanie,Melly,smellygk@seattletimes.com,Female,181.254,Tanzhesi,,,China
598,Barnebas,Renals,brenalsgl@indiegogo.com,Male,139.8,Lameiro,Leiria,2425,Portugal
599,Elane,Wones,ewonesgm@whitehouse.gov,Female,12.43,Takedamachi,,670,Japan
600,Juliette,Cryer,jcryergn@skyrock.com,Female,104.244,Solntsevo,,309615,Russia
601,Barthel,Touson,btousongo@samsung.com,Male,32.12,El Calvario,Puebla,75200,Mexico
602,Deedee,Deboick,ddeboickgp@msu.edu,Female,176.144,Kaniv,,,Ukraine
603,Aubrette,Berntssen,aberntssengq@ucla.edu,Female,83.22,Aix-en-Provence,Provence-Alpes-C+¦te,13592,France
604,Hugh,Kahen,hkahengr@tinyurl.com,Male,32.245,Sungai Nyamuk,,,Indonesia
605,Agosto,Ruseworth,aruseworthgs@cnn.com,Male,216.7,Kriel,,2276,South Africa
606,Valentine,Bosomworth,vbosomworthgt@pinterest.com,Female,21.49,Haarlem,Provincie Noord-Holl,2014,Netherlands
607,Mallory,Vanner,mvannergu@addthis.com,Female,208.128,Salinungan Proper,,1717,Philippines
608,Dinah,Dayes,ddayesgv@ow.ly,Female,23.57,Na Khu,,70170,Thailand
609,Sella,Lindgren,slindgrengw@whitehouse.gov,Female,85.169,Tsetsegnuur,,,Mongolia
610,Aaren,Van den Bosch,avandenboschgx@weibo.com,Female,19.194,Vila Moreira,Santar+®m,2380,Portugal
611,Salomon,La Rosa,slarosagy@spiegel.de,Male,150.219,Jaguaquara,,45345,Brazil
612,Archie,Danahar,adanahargz@printfriendly.com,Male,251.57,Sanqiao,,,China
613,Paolina,Tonkinson,ptonkinsonh0@wired.com,Female,217.176,Dongqinggou,,,China
614,Nola,Dollar,ndollarh1@linkedin.com,Female,148.142,Chase,British Columbia,0,Canada
615,Dewitt,Lidyard,dlidyardh2@huffingtonpost.com,Male,169.166,+¢abljak,,,Montenegro
616,Isabelle,Kerbey,ikerbeyh3@ft.com,Female,92.154,Kawangkoan,,,Indonesia
617,Karney,Crowd,kcrowdh4@wiley.com,Agender,121.193,Jiahe,,,China
618,Abbey,Bourgourd,abourgourdh5@instagram.com,Male,213.2,Dikhil,,,Djibouti
619,Klara,Laguerre,klaguerreh6@nasa.gov,Female,231.4,Perlez,,,Serbia
620,Marty,O'Donegan,modoneganh7@friendfeed.com,Female,111.11,Jingguan,,,China
621,Hadley,Baff,hbaffh8@discovery.com,Male,181.4,Mabayo,,2109,Philippines
622,Pavla,Raddish,praddishh9@t.co,Female,225.51,Sacramento,,38190,Brazil
623,Corby,McGlew,cmcglewha@chron.com,Male,132.11,Rantaupanjangkiri,,,Indonesia
624,Gabbie,Bendik,gbendikhb@seattletimes.com,Female,59.127,Melgar,,734007,Colombia
625,Carleen,Snaddon,csnaddonhc@slate.com,Female,198.192,Qabaq+º+Âl,,,Azerbaijan
626,Saw,Snasdell,ssnasdellhd@naver.com,Male,192.121,Zhenqiao,,,China
627,Ethe,Bengefield,ebengefieldhe@pbs.org,Male,19.58,Aubervilliers,+Äle-de-France,93321,France
628,Solly,Westby,swestbyhf@about.com,Male,123.242,Bologoye,,171076,Russia
629,Kenon,Deverock,kdeverockhg@gizmodo.com,Male,205.127,Kang,,,Botswana
630,Al,Steabler,asteablerhh@mayoclinic.com,Male,41.83,Semiletka,,452555,Russia
631,Tracey,Littlefield,tlittlefieldhi@marriott.com,Female,236.209,Joyabaj,,14012,Guatemala
632,Fanya,Castellucci,fcastelluccihj@ebay.com,Female,79.217,Marseille,Provence-Alpes-C+¦te,13192,France
633,Yoshiko,Senescall,ysenescallhk@artisteer.com,Female,110.16,La Eduvigis,,2841,Argentina
634,Cris,Sandercroft,csandercrofthl@hibu.com,Female,137.189,Rotunda,,1295,Philippines
635,El,McNish,emcnishhm@hc360.com,Male,53.176,Shuanglong,,,China
636,Lilias,Glamart,lglamarthn@washingtonpost.com,Female,37.94,Choca do Mar,Aveiro,3840,Portugal
637,Gun,Ritchley,gritchleyho@devhub.com,Male,214.161,N-ürang,,39051,Pakistan
638,Sunny,Jude,sjudehp@163.com,Female,88.2,Yakovlevo,,309288,Russia
639,Shana,Bruins,sbruinshq@imdb.com,Female,185.214,Hanjianglu,,,China
640,Joell,Bliven,jblivenhr@youtu.be,Agender,220.48,Radojevo,,,Serbia
641,Erv,Gwioneth,egwionethhs@csmonitor.com,Male,218.252,Guangning,,,China
642,Gerard,Clampton,gclamptonht@yellowpages.com,Male,33.205,Waru Selatan,,,Indonesia
643,Miller,Pickburn,mpickburnhu@google.com,Male,156.134,Prakhon Chai,,31140,Thailand
644,Alric,Crickmer,acrickmerhv@army.mil,Male,35.131,Juan Adri+ín,,11506,Dominican Republic
645,Uriel,Semper,usemperhw@indiatimes.com,Male,90.168,Igang,,5032,Philippines
646,Paige,Peevor,ppeevorhx@geocities.jp,Female,187.205,Cipanjang,,,Indonesia
647,Hedda,Brownscombe,hbrownscombehy@epa.gov,Female,114.232,Watuka,,,Indonesia
648,Reilly,Chiles,rchileshz@scribd.com,Male,45.16,Kotabaru,,,Indonesia
649,Etan,Calwell,ecalwelli0@boston.com,Male,131.138,Pittsburgh,Pennsylvania,15279,United States
650,Vinny,Ellery,velleryi1@weather.com,Female,199.194,Valle de +üngeles,,,Honduras
651,Tam,Enston,tenstoni2@constantcontact.com,Male,21.247,Savitaipale,,54801,Finland
652,Danna,Kaaskooper,dkaaskooperi3@forbes.com,Female,55.17,Nanhe,,,China
653,Noby,Akers,nakersi4@vinaora.com,Male,55.63,Shymkent,,,Kazakhstan
654,Stevie,Broinlich,sbroinlichi5@networkadvertising.org,Male,133.71,Songfeng,,,China
655,Osborne,Polsin,opolsini6@nasa.gov,Male,52.62,Jag++ey Grande,,,Cuba
656,Jemmie,Barkshire,jbarkshirei7@businessweek.com,Female,131.243,Turan,,668510,Russia
657,Carlin,Leighton,cleightoni8@nationalgeographic.com,Female,178.227,Altos,,,Paraguay
658,Karlik,Waterfall,kwaterfalli9@facebook.com,Male,164.58,Mambusao,,5807,Philippines
659,Lia,Vaneschi,lvaneschiia@jugem.jp,Female,46.3,+¢-Å+ír,,679,Czech Republic
660,Anna-diana,Coulthard,acoulthardib@hp.com,Female,229.168,Longanqiao,,,China
661,Petronia,Draco,pdracoic@canalblog.com,Female,123.156,Gotovlje,,3310,Slovenia
662,Ellette,Tallent,etallentid@sphinn.com,Female,25.63,Al+®m,Porto,4560,Portugal
663,Tabby,Sunnex,tsunnexie@parallels.com,Female,164.165,Bordeaux,Aquitaine,33060,France
664,Regan,Tosdevin,rtosdevinif@rediff.com,Female,119.176,Yambol,,8600,Bulgaria
665,Trenton,Ramelot,tramelotig@businessweek.com,Male,108.206,Zagoryanskiy,,141143,Russia
666,Trstram,Suggitt,tsuggittih@narod.ru,Male,236.66,Langzhong,,,China
667,Konstantine,Blemings,kblemingsii@list-manage.com,Male,255.11,Placencia,,,Belize
668,Nicole,Liles,nlilesij@pcworld.com,Female,70.19,Albany,New York,12247,United States
669,Travus,Bukowski,tbukowskiik@friendfeed.com,Male,229.219,Perstorp,Sk+Ñne,284,Sweden
670,Neale,Pipping,npippingil@mayoclinic.com,Male,144.128,Pet+Övald,,735,Czech Republic
671,Alene,Ollett,aollettim@bloomberg.com,Female,52.221,Guilherand-Granges,Rh+¦ne-Alpes,7509,France
672,Patten,MacGillespie,pmacgillespiein@msn.com,Male,14.71,Caba+¦as,,19018,Guatemala
673,Yardley,Gosforth,ygosforthio@gov.uk,Male,21.186,Payapa,,5002,Philippines
674,Otis,Keith,okeithip@cloudflare.com,Male,205.205,Toulon,Provence-Alpes-C+¦te,83040,France
675,Kath,Ronchetti,kronchettiiq@alexa.com,Female,15.103,Yartsevo,,215807,Russia
676,Derril,Neiland,dneilandir@china.com.cn,Male,147.19,Mumen,,,China
677,Cloe,Benedict,cbenedictis@state.tx.us,Female,195.95,Giebu+ét+¦w,,32,Poland
678,Egan,Mates,ematesit@goo.gl,Male,184.128,L-½v-üni,,,Latvia
679,Fleur,Guerrieri,fguerrieriiu@goo.gl,Female,9.162,Longtang,,,China
680,Artus,Burdell,aburdelliv@patch.com,Male,63.52,Plereyan,,,Indonesia
681,Egbert,Bittleson,ebittlesoniw@goo.ne.jp,Male,105.164,Montemor-o-Velho,Coimbra,3140,Portugal
682,Lil,Dansie,ldansieix@noaa.gov,Female,91.86,Pingdong,,,China
683,Monica,Kalewe,mkaleweiy@dell.com,Female,3.229,Conima,,,Peru
684,Clevie,Molesworth,cmolesworthiz@chicagotribune.com,Male,119.86,Qaly+½b,,,Egypt
685,Tuck,Denzey,tdenzeyj0@techcrunch.com,Male,230.14,Bitaogan,,4125,Philippines
686,Darleen,Claughton,dclaughtonj1@baidu.com,Female,41.58,Oulad Frej,,,Morocco
687,Jareb,Malshinger,jmalshingerj2@symantec.com,Male,195.139,Horad Pinsk,,,Belarus
688,Elizabet,Caverhill,ecaverhillj3@typepad.com,Female,159.22,Kilinochchi,,22034,Sri Lanka
689,Tommie,Dinzey,tdinzeyj4@mail.ru,Male,223.159,Namys+é+¦w,,46,Poland
690,Kincaid,Darlison,kdarlisonj5@geocities.com,Male,192.14,Tarbagatay,,152891,Russia
691,Cathlene,Torrijos,ctorrijosj6@list-manage.com,Female,252.101,Port-Vila,,,Vanuatu
692,Erna,Grotty,egrottyj7@jalbum.net,Female,80.107,Jal-ül-üb-üd,,,Afghanistan
693,Hilary,Puddefoot,hpuddefootj8@discovery.com,Male,68.83,Glondong,,,Indonesia
694,Frazer,Skupinski,fskupinskij9@soup.io,Male,36.5,Haliut,,,China
695,Hyacinthe,Aitken,haitkenja@parallels.com,Female,38.25,Jingan,,,China
696,Wesley,Newlove,wnewlovejb@npr.org,Male,151.214,Vale de Mendiz,Vila Real,5085,Portugal
697,Murielle,Junkinson,mjunkinsonjc@yellowbook.com,Female,141.17,Byerazino,,,Belarus
698,Lilas,Reveley,lreveleyjd@hhs.gov,Female,143.88,Kasiyan,,,Indonesia
699,Jean,Birtley,jbirtleyje@fotki.com,Male,237.103,Air Bangis,,,Indonesia
700,Julee,Ivanin,jivaninjf@ask.com,Female,228.86,Pashiya,,618824,Russia
701,Katinka,Hammon,khammonjg@marriott.com,Genderflui,49.24,Kadubadak,,,Indonesia
702,Hewie,Bend,hbendjh@seesaa.net,Male,161.101,Tortosa,,6119,Philippines
703,Phip,Youens,pyouensji@homestead.com,Male,19.1,Xinhang,,,China
704,Paloma,Cater,pcaterjj@examiner.com,Female,220.87,Hadyach,,,Ukraine
705,Philis,Conklin,pconklinjk@ucoz.com,Bigender,133.12,Wau,,,Papua New Guinea
706,Ofella,Heinig,oheinigjl@t.co,Female,237.198,Tacna,,,Peru
707,Mariejeanne,Ducket,mducketjm@paginegialle.it,Female,102.216,Betioky,,,Madagascar
708,Latia,Peris,lperisjn@list-manage.com,Female,135.29,Wensu,,,China
709,Maximo,Mortlock,mmortlockjo@disqus.com,Male,15.197,Ilovlya,,403070,Russia
710,Philippa,Noyes,pnoyesjp@epa.gov,Female,36.95,Yingcheng,,,China
711,Linoel,Mudd,lmuddjq@buzzfeed.com,Male,108.137,Lancaster,Pennsylvania,17622,United States
712,Darcee,Janson,djansonjr@wsj.com,Female,25.123,Kissidougou,,,Guinea
713,Cary,Olenov,colenovjs@hibu.com,Male,137.11,Ducheng,,,China
714,Lesya,Chalfant,lchalfantjt@amazon.co.jp,Female,132.93,Canauay,,4214,Philippines
715,Hernando,Hefferon,hhefferonju@t.co,Male,206.254,Masuda,,999,Japan
716,Ruperto,Briggdale,rbriggdalejv@taobao.com,Male,102.125,Pailou,,,China
717,Desiri,Mertgen,dmertgenjw@comsenz.com,Polygender,115.173,Serra de +ügua,Ilha da Madeira,9350,Portugal
718,Andy,Baxstar,abaxstarjx@dailymail.co.uk,Female,8.68,Guayaquil,,,Ecuador
719,Dulcy,Raphael,draphaeljy@1688.com,Female,222.47,Sergio Osme+¦a Sr,,7108,Philippines
720,Fenelia,Wrintmore,fwrintmorejz@tuttocitta.it,Female,93.156,Mulino,,606083,Russia
721,Gregoire,Carle,gcarlek0@google.com.br,Male,27.118,Baoquan,,,China
722,Bernetta,Casarino,bcasarinok1@accuweather.com,Female,127.217,Baihe,,,China
723,Hamish,Francillo,hfrancillok2@stanford.edu,Male,150.205,Luz de Tavira,Faro,8800,Portugal
724,Clarice,Jansen,cjansenk3@uol.com.br,Female,159.198,Banjarjo,,,Indonesia
725,Artair,Wiz,awizk4@istockphoto.com,Male,39.25,Nanbao,,,China
726,Winona,Raden,wradenk5@hud.gov,Female,202.13,Voloka,,,Ukraine
727,Tadio,Duchesne,tduchesnek6@yolasite.com,Male,38.77,Cikotok,,,Indonesia
728,Thibaut,Gianninotti,tgianninottik7@psu.edu,Male,207.105,Wielichowo,,64,Poland
729,Celeste,Seczyk,cseczykk8@xrea.com,Genderflui,35.112,Karangwungu Lor,,,Indonesia
730,Bell,Wrates,bwratesk9@webeden.co.uk,Female,210.194,Virbalis,,70061,Lithuania
731,Leanna,Normand,lnormandka@angelfire.com,Female,45.54,Alberton,Prince Edward Island,0,Canada
732,Tulley,Pennell,tpennellkb@elpais.com,Male,70.41,Benito Juarez,Durango,35180,Mexico
733,Yankee,Tocqueville,ytocquevillekc@java.com,Male,152.227,Vendychany,,,Ukraine
734,Maryellen,Madigan,mmadigankd@linkedin.com,Female,28.74,Mor+¦n,,1765,Argentina
735,Pauly,Pardal,ppardalke@phpbb.com,Male,201.155,Lishan,,,China
736,Lou,Landells,llandellskf@php.net,Female,5.135,Okpoga,,,Nigeria
737,Hirsch,Allmen,hallmenkg@nifty.com,Male,167.129,Kananga,,,Democratic Republic
738,Cori,Pickworth,cpickworthkh@senate.gov,Male,193.49,Avellaneda,,5212,Argentina
739,Lexy,Burling,lburlingki@surveymonkey.com,Female,177.39,Kalutara,,12000,Sri Lanka
740,Elly,Stansby,estansbykj@themeforest.net,Female,160.59,Petro+¦polis,,,Greece
741,Kerri,Bransgrove,kbransgrovekk@github.io,Female,99.13,Wujia,,,China
742,Granny,Westmarland,gwestmarlandkl@nbcnews.com,Male,56.254,Jangheung,,,South Korea
743,Margery,Ismay,mismaykm@ameblo.jp,Female,118.115,Valada,Santar+®m,2070,Portugal
744,Rutger,Winspear,rwinspearkn@ucoz.com,Male,144.233,Chrzan+¦w,,32,Poland
745,Neddy,Smith,nsmithko@omniture.com,Male,73.5,Pantanal,,88000,Brazil
746,Kristy,Gorton,kgortonkp@psu.edu,Female,214.171,Villa Mercedes,,5461,Argentina
747,Daryn,Kiddy,dkiddykq@photobucket.com,Female,45.235,Urayasu,,689,Japan
748,Florrie,Huikerby,fhuikerbykr@sfgate.com,Female,62.191,Chacapalpa,,,Peru
749,Kristoffer,Shewsmith,kshewsmithks@studiopress.com,Male,95.32,Girijaya,,,Indonesia
750,Kora,Quan,kquankt@wix.com,Female,191.233,Bugembe,,,Uganda
751,Terrijo,Dayment,tdaymentku@nih.gov,Polygender,16.6,Pailin,,,Cambodia
752,Ric,Glazier,rglazierkv@npr.org,Male,189.217,Ipala,,20011,Guatemala
753,Auroora,Langstone,alangstonekw@so-net.ne.jp,Female,75.93,Tomarovka,,309090,Russia
754,Irvine,Balharry,ibalharrykx@booking.com,Male,154.31,Cubar+í,,151427,Colombia
755,Fina,Yepiskov,fyepiskovky@list-manage.com,Female,160.9,Szczawnica,,34,Poland
756,Corney,Stearnes,cstearneskz@soundcloud.com,Male,222.129,Postojna,,6230,Slovenia
757,Bail,Acres,bacresl0@rakuten.co.jp,Male,241.1,Kuanfatu,,,Indonesia
758,Chadd,Matchett,cmatchettl1@cam.ac.uk,Male,97.153,Gros Morne,,,Haiti
759,Valera,Brakewell,vbrakewelll2@mediafire.com,Bigender,22.133,Carrigtwohill,,0,Ireland
760,Aldis,Chitham,achithaml3@columbia.edu,Male,184.97,Nesebar,,8217,Bulgaria
761,Mavra,Matevosian,mmatevosianl4@people.com.cn,Female,62.195,Novosinkovo,,141896,Russia
762,Tamiko,Trowle,ttrowlel5@devhub.com,Female,39.177,Fortaleza,,60000,Brazil
763,Yves,Gonzalez,ygonzalezl6@intel.com,Male,140.234,Ust-Isha,,659507,Russia
764,Berky,McRae,bmcrael7@cbc.ca,Male,189.24,Klaeng,,21110,Thailand
765,Harlene,Smaling,hsmalingl8@discovery.com,Female,232.136,Bulangan,,,Indonesia
766,Meghann,Chenery,mcheneryl9@rediff.com,Female,149.169,Al ÔÇÿAn-ün,,,Yemen
767,Giorgi,Sanderson,gsandersonla@google.es,Male,112.184,Jilong,,,China
768,Conrade,China,cchinalb@ucsd.edu,Male,68.9,Quinta do Sobrado,Leiria,2440,Portugal
769,Kissee,Smaleman,ksmalemanlc@ning.com,Female,81.29,Atalaia,,87630,Brazil
770,Kassey,Fancutt,kfancuttld@plala.or.jp,Female,179.4,S+¡edinenie,,4194,Bulgaria
771,Graeme,Fripp,gfripple@home.pl,Bigender,202.51,Doyong,,2419,Philippines
772,Feodora,Dilston,fdilstonlf@skype.com,Female,77.176,Rancabungur,,,Indonesia
773,Valentia,Wasselin,vwasselinlg@illinois.edu,Female,134.201,Les C+¿dres,Qu+®bec,0,Canada
774,Karylin,Nanni,knannilh@disqus.com,Genderflui,89.93,Xuhui,,,China
775,Antonio,Coddington,acoddingtonli@walmart.com,Male,243.94,Venlo,Provincie Limburg,5904,Netherlands
776,Micah,Duhig,mduhiglj@youku.com,Male,187.144,Uhersk+¢ Ostroh,,687,Czech Republic
777,Euphemia,Crilley,ecrilleylk@amazon.com,Female,254.34,Sorocaba,,18000,Brazil
778,Olimpia,Cotesford,ocotesfordll@china.com.cn,Female,139.44,Vodyane,,,Ukraine
779,Guinevere,Alves,galveslm@state.tx.us,Genderflui,36.18,Melekyne,,,Ukraine
780,Teodor,Dubock,tdubockln@webmd.com,Male,104.18,Jurangjero,,,Indonesia
781,Wendi,Surmeir,wsurmeirlo@indiegogo.com,Female,166.158,Corti+ºos,Porto,4745,Portugal
782,Britteny,Durdy,bdurdylp@reuters.com,Female,1.16,Rawang,Selangor,48100,Malaysia
783,Rafa,Menego,rmenegolq@nymag.com,Female,53.223,H+Ârby,Sk+Ñne,242,Sweden
784,Karney,Culham,kculhamlr@nyu.edu,Male,131.184,Nanyang,,,China
785,Madelene,Meriott,mmeriottls@ucla.edu,Female,162.142,Al ß©¿udaydah,,,Yemen
786,Garry,Jephcott,gjephcottlt@house.gov,Male,214.189,Huangzhuang,,,China
787,Sharona,Nairns,snairnslu@meetup.com,Female,41.207,Languan,,,China
788,Filberte,Drakers,fdrakerslv@simplemachines.org,Male,6.49,Hexi,,,China
789,Kym,Ferrelli,kferrellilw@cdbaby.com,Female,168.53,Zhangaqorghan,,,Kazakhstan
790,Brear,Fleote,bfleotelx@bandcamp.com,Female,149.165,Alis,,,Peru
791,Alexei,Ballister,aballisterly@mtv.com,Male,78.17,Kineshma,,102257,Russia
792,Carey,Torri,ctorrilz@jugem.jp,Male,129.199,Wantou,,,China
793,Chrotoem,Petrichat,cpetrichatm0@fc2.com,Male,105.17,Tralee,,0,Ireland
794,Findlay,Gallant,fgallantm1@harvard.edu,Non-binary,26.221,Manay,,7036,Philippines
795,Garrott,Crowson,gcrowsonm2@techcrunch.com,Male,66.46,Huanggang,,,China
796,Loria,Junkin,ljunkinm3@google.es,Polygender,76.119,Clichy,+Äle-de-France,92119,France
797,Lorri,Spuner,lspunerm4@facebook.com,Female,17.68,Charlemagne,Qu+®bec,0,Canada
798,Merrick,Bhar,mbharm5@bloomberg.com,Male,25.136,Bell Ville,,2550,Argentina
799,Nonie,Partener,npartenerm6@goo.ne.jp,Female,216.171,Nuevo Chamelec+¦n,,,Honduras
800,Bradly,Goldfinch,bgoldfinchm7@aboutads.info,Male,145.28,Pasvalys,,39001,Lithuania
801,Margit,Millgate,mmillgatem8@typepad.com,Female,34.5,Tianya,,,China
802,Francesca,Bromhead,fbromheadm9@spiegel.de,Female,209.15,Cambas,Castelo Branco,6185,Portugal
803,Evonne,Bonevant,ebonevantma@tmall.com,Female,214.8,Rudong,,,China
804,Chase,Windeatt,cwindeattmb@census.gov,Male,210.215,Driefontein,,4142,South Africa
805,Schuyler,Digby,sdigbymc@barnesandnoble.com,Male,73.114,ðÜÐÇð©ð¦ð¦ ðð¦ð+ð¦ð,,1333,Macedonia
806,Tiphanie,Cale,tcalemd@noaa.gov,Female,53.25,Yedogon,,665222,Russia
807,Herold,Yoxall,hyoxallme@narod.ru,Male,211.125,Baliuag,,3006,Philippines
808,Pauly,Frawley,pfrawleymf@narod.ru,Female,159.14,Kosai-shi,,441,Japan
809,Ree,Leming,rlemingmg@acquirethisname.com,Bigender,192.41,Warungbanten,,,Indonesia
810,Marline,Plows,mplowsmh@accuweather.com,Female,79.241,Thanatpin,,,Myanmar
811,Vicki,Baignard,vbaignardmi@lulu.com,Female,98.178,San Antonio,Texas,78285,United States
812,Hillary,Burdass,hburdassmj@uol.com.br,Male,27.1,Kresek,,,Indonesia
813,Noemi,McCall,nmccallmk@goo.ne.jp,Female,3.87,Broby,,39410,Finland
814,Kira,Izhaky,kizhakyml@businessweek.com,Female,242.135,Espinho,Coimbra,3220,Portugal
815,Robinet,Golborn,rgolbornmm@salon.com,Male,43.252,Shenglilu,,,China
816,Emilie,Corden,ecordenmn@simplemachines.org,Female,175.205,Parajara,,,Indonesia
817,Elli,Farncomb,efarncombmo@google.nl,Agender,194.253,Muslyumovo,,456721,Russia
818,Ringo,Habben,rhabbenmp@over-blog.com,Male,92.55,Chusovoy,,618206,Russia
819,Kristoforo,de Amaya,kdeamayamq@ask.com,Male,193.47,Huangtian,,,China
820,Denney,Narducci,dnarduccimr@dion.ne.jp,Male,192.229,Kandete,,,Tanzania
821,Dreddy,Richardet,drichardetms@wunderground.com,Female,94.7,Jingmao,,,China
822,Jenny,Ech,jechmt@engadget.com,Female,57.106,Gongnong,,,China
823,Teddy,Liles,tlilesmu@discuz.net,Male,68.5,Namie,,979,Japan
824,Hazel,Humbey,hhumbeymv@furl.net,Female,186.251,Yenangyaung,,,Myanmar
825,Otha,Revens,orevensmw@baidu.com,Female,105.13,Minien East,,2430,Philippines
826,Hamilton,Osmond,hosmondmx@mac.com,Male,52.98,G+Âteborg,V+ñstra G+Âtaland,413,Sweden
827,Aubree,McGarva,amcgarvamy@flavors.me,Female,7.28,Avignon,Provence-Alpes-C+¦te,84019,France
828,Rabi,Crinidge,rcrinidgemz@mozilla.org,Male,62.67,Mamara,,,Peru
829,Haydon,Robinett,hrobinettn0@fotki.com,Male,110.93,Jiangpu,,,China
830,Gretel,Baff,gbaffn1@flavors.me,Female,170.173,Bangunharja,,,Indonesia
831,Ermin,Colvie,ecolvien2@tumblr.com,Male,222.137,Praia da Vagueira,Aveiro,3840,Portugal
832,Terence,MacBey,tmacbeyn3@instagram.com,Male,216.217,Shamkhor,,,Azerbaijan
833,Christabella,Faunch,cfaunchn4@dell.com,Female,89.248,Krajan,,,Indonesia
834,Ricardo,Goodings,rgoodingsn5@ezinearticles.com,Male,127.105,Kivertsi,,,Ukraine
835,Sibbie,Tollerton,stollertonn6@hp.com,Female,147.141,Calancuasan Norte,,1807,Philippines
836,Karrie,Kempston,kkempstonn7@oakley.com,Female,249.228,Duas Igrejas,Bragan+ºa,5210,Portugal
837,Bayard,Itzkovitch,bitzkovitchn8@flavors.me,Male,19.107,Panyarang,,,Indonesia
838,Jackson,Sisey,jsiseyn9@aboutads.info,Male,135.24,Basel,Kanton Basel-Stadt,4085,Switzerland
839,Clair,Atkin,catkinna@epa.gov,Male,73.2,Sk+ñrhamn,V+ñstra G+Âtaland,471,Sweden
840,Krissy,Silson,ksilsonnb@example.com,Female,118.4,Dazuo,,,China
841,Tilly,Hrachovec,thrachovecnc@msn.com,Female,255.37,Daqiao,,,China
842,Danette,Galiford,dgalifordnd@4shared.com,Female,198.48,Riyadh,,,Saudi Arabia
843,Cherey,Fortey,cforteyne@jiathis.com,Non-binary,76.139,Kamo,,,Armenia
844,Onfroi,Coey,ocoeynf@bloglines.com,Male,231.245,Blachownia,,42,Poland
845,Myriam,Nyssen,mnyssenng@phpbb.com,Female,75.12,Mulhouse,Alsace,68064,France
846,Marc,Phillimore,mphillimorenh@yelp.com,Male,119.171,Aitape,,,Papua New Guinea
847,Maynord,McSporon,mmcsporonni@intel.com,Male,4.106,Peoria,Arizona,85383,United States
848,Bernarr,Duckit,bduckitnj@yahoo.com,Male,170.81,B+írrio,Viana do Castelo,4990,Portugal
849,Danie,Kneale,dknealenk@sfgate.com,Male,154.22,Dingyan,,,China
850,Amity,Nend,anendnl@rediff.com,Female,80.156,Sangoleng,,,Indonesia
851,Iormina,Hardcastle,ihardcastlenm@stumbleupon.com,Polygender,117.182,Aleksandrovsk-Sakhal,,694424,Russia
852,Reggy,Gillbee,rgillbeenn@marketwatch.com,Male,198.214,Tchamba,,,Togo
853,Casey,Pointer,cpointerno@meetup.com,Female,82.247,Bor+Ñs,V+ñstra G+Âtaland,504,Sweden
854,Wilmette,Pilfold,wpilfoldnp@barnesandnoble.com,Bigender,96.253,Ogoja,,,Nigeria
855,Bella,Gager,bgagernq@yahoo.com,Female,242.123,Orosh,,,Albania
856,Lyn,Riddock,lriddocknr@vistaprint.com,Male,160.6,Buffalo,New York,14225,United States
857,Ruttger,Hearsum,rhearsumns@dropbox.com,Male,131.183,Pocito,,6430,Argentina
858,Tobin,Gallaway,tgallawaynt@digg.com,Male,187.244,Hayama,,999,Japan
859,Tobin,Eckly,tecklynu@indiatimes.com,Male,215.6,Busungbiu,,,Indonesia
860,Tory,Pierucci,tpieruccinv@altervista.org,Bigender,79.3,Dihtyari,,,Ukraine
861,Joanna,Peerless,jpeerlessnw@qq.com,Female,99.2,Bß¦+n Cß¦ºu,,,Vietnam
862,Laurella,Belf,lbelfnx@unesco.org,Female,219.13,Rodatychi,,,Ukraine
863,Kessia,Cripwell,kcripwellny@ucoz.com,Female,247.73,Were,,,Indonesia
864,Ric,Cosgrive,rcosgrivenz@noaa.gov,Male,169.28,Nanjia,,,China
865,Carlita,Burges,cburgeso0@t.co,Female,122.169,Ketanggi,,,Indonesia
866,Karrie,Barnish,kbarnisho1@tamu.edu,Agender,201.45,Sumbe,,,Angola
867,Emelyne,Gentzsch,egentzscho2@aboutads.info,Female,165.2,T+½ploye,,242522,Russia
868,Des,Gascoine,dgascoineo3@google.ca,Male,6.78,Duodaoshi,,,China
869,Matti,Flippelli,mflippellio4@sina.com.cn,Female,105.63,An+ípolis,,75000,Brazil
870,Myrtie,Clutterham,mclutterhamo5@sciencedirect.com,Female,144.227,Si Sa Ket,,33140,Thailand
871,Larry,Droghan,ldroghano6@unicef.org,Male,251.123,Maiwal,,,Indonesia
872,Tracy,Oliveras,toliveraso7@nydailynews.com,Male,152.189,Qiubin,,,China
873,Barry,Billes,bbilleso8@boston.com,Agender,42.167,Ursyn+¦w,,15,Poland
874,Wilton,Hain,whaino9@chicagotribune.com,Male,185.57,Malasiqui,,2421,Philippines
875,Forester,Triggel,ftriggeloa@google.ca,Male,15.222,Cikandang,,,Indonesia
876,Haley,Northill,hnorthillob@merriam-webster.com,Female,201.36,Ostrov,,181353,Russia
877,Betsy,Stuckley,bstuckleyoc@sina.com.cn,Female,228.77,Rila,,2630,Bulgaria
878,Lesli,Gubbins,lgubbinsod@fotki.com,Female,242.127,Takahata,,992,Japan
879,Corinne,Wrigley,cwrigleyoe@timesonline.co.uk,Female,47.192,Beya,,655770,Russia
880,Saundra,Horsefield,shorsefieldof@4shared.com,Female,236.76,Arcueil,+Äle-de-France,94114,France
881,Chalmers,Braime,cbraimeog@apple.com,Male,226.205,Yola,,,Nigeria
882,Stanleigh,Swancott,sswancottoh@fda.gov,Male,62.119,S+Âdra Sandby,Sk+Ñne,247,Sweden
883,Milicent,Gerbel,mgerbeloi@studiopress.com,Female,46.197,Liljendal,,7880,Finland
884,Alexandr,Girault,agiraultoj@1688.com,Male,97.148,Nielisz,,22,Poland
885,Kermie,Sutcliff,ksutcliffok@ebay.com,Male,234.83,Miros+éawiec,,78,Poland
886,Harlie,Mulberry,hmulberryol@wsj.com,Agender,177.83,Mo+¦itos,,231008,Colombia
887,Marcos,Coda,mcodaom@ifeng.com,Male,255.117,Ad Darb-üs-½yah,,,Syria
888,Kessiah,Danovich,kdanovichon@bluehost.com,Female,42.178,Salcedo,,11005,Dominican Republic
889,Sari,Pegden,spegdenoo@devhub.com,Female,73.214,pamas,,,Iran
890,Doralyn,Guion,dguionop@unicef.org,Female,141.155,Pas+é-Ök,,14,Poland
891,Janka,Lille,jlilleoq@stanford.edu,Female,81.225,K+©benhavn,Region Hovedstaden,1420,Denmark
892,Nadya,Verne,nverneor@twitter.com,Female,36.218,Ciganaria,,,Indonesia
893,Monique,Dominici,mdominicios@ibm.com,Female,7.245,Geldrop,Provincie Noord-Brab,5664,Netherlands
894,Dud,Di Francesco,ddifrancescoot@dyndns.org,Male,93.3,Devnya,,9272,Bulgaria
895,Billie,Dessaur,bdessaurou@google.co.jp,Female,202.166,Pilawa,,8,Poland
896,Odele,Petrelli,opetrelliov@indiegogo.com,Female,72.37,Shirahamach+ì-usazak,,672,Japan
897,Winny,Bolles,wbollesow@google.co.uk,Female,112.8,Har Nur,,,China
898,Urson,Charer,ucharerox@marketwatch.com,Male,80.181,Barreiro,Viana do Castelo,4950,Portugal
899,Abie,Mc Gorley,amcgorleyoy@blogtalkradio.com,Male,126.148,Neietsu,,,South Korea
900,Reba,Cunnow,rcunnowoz@xinhuanet.com,Female,149.131,T+ón Sãín,,,Vietnam
901,Armin,Birden,abirdenp0@ocn.ne.jp,Polygender,118.119,Hidalgo,Chihuahua,31803,Mexico
902,Aline,Peasby,apeasbyp1@nba.com,Female,153.177,Los Charr+¦as,,3212,Argentina
903,Nikola,Syde,nsydep2@msn.com,Male,96.215,Jianping,,,China
904,Garrik,O'Criane,gocrianep3@berkeley.edu,Male,216.123,Princeville,Nova Scotia,0,Canada
905,Mateo,Knell,mknellp4@naver.com,Bigender,59.156,Bakulong,,3119,Philippines
906,Eugine,Skirvane,eskirvanep5@telegraph.co.uk,Female,241.242,Velingrad,,4645,Bulgaria
907,Eloisa,Rollo,erollop6@opensource.org,Female,172.46,Alexandria,Louisiana,71307,United States
908,Grady,Wark,gwarkp7@desdev.cn,Bigender,122.84,Tocota,,,Peru
909,Wenda,Gallienne,wgalliennep8@ucoz.ru,Female,81.64,Masaki-ch+ì,,799,Japan
910,Anthea,Burrill,aburrillp9@wunderground.com,Female,52.94,Dugulubgey,,361538,Russia
911,Finley,Micco,fmiccopa@about.com,Male,182.101,Dukuh,,,Indonesia
912,Joscelin,Raise,jraisepb@webnode.com,Genderflui,103.7,Ojos de Agua,,,Honduras
913,Nate,Standish-Brooks,nstandishbrookspc@narod.ru,Male,64.148,Rappang,,,Indonesia
914,Renell,Ryburn,rryburnpd@deliciousdays.com,Female,242.119,Johor Bahru,Johor,80902,Malaysia
915,Kinnie,Quakley,kquakleype@yahoo.co.jp,Male,161.2,Fenghuang,,,China
916,Kerry,Mattschas,kmattschaspf@dagondesign.com,Male,93.218,J-½roft,,,Iran
917,Karon,Botterell,kbotterellpg@posterous.com,Female,59.103,Rozwadza,,47,Poland
918,Crawford,Crimmins,ccrimminsph@telegraph.co.uk,Male,38.88,Rokem Barat,,,Indonesia
919,Spencer,Gregs,sgregspi@whitehouse.gov,Male,11.144,Mantang,,6816,Philippines
920,Sammy,Wiley,swileypj@blog.com,Bigender,17.178,Isojoki,,64901,Finland
921,Lemmie,Lidierth,llidierthpk@liveinternet.ru,Male,209.109,Panglanjan,,,Indonesia
922,Larry,Newberry,lnewberrypl@vistaprint.com,Male,40.216,S+úo Carlos,,13560,Brazil
923,Anatollo,Stocky,astockypm@dot.gov,Male,237.191,Mospyne,,,Ukraine
924,Blondie,Vegas,bvegaspn@indiatimes.com,Female,124.19,Kuaidamao,,,China
925,Cybil,Molines,cmolinespo@mediafire.com,Bigender,238.77,Nago,,917,Japan
926,Kyrstin,Boddam,kboddampp@geocities.com,Female,78.216,Shimokizukuri,,802,Japan
927,Olia,L'Amie,olamiepq@addtoany.com,Female,27.175,Shihuajian,,,China
928,Bibi,Kirman,bkirmanpr@posterous.com,Female,7.45,San Agustin,,,Peru
929,Patricio,Westmorland,pwestmorlandps@sohu.com,Male,217.21,Jabiny-ünah,,,Tunisia
930,Selby,Golston,sgolstonpt@dedecms.com,Male,122.2,Villanova,Emilia-Romagna,29010,Italy
931,Merlina,Abden,mabdenpu@yahoo.co.jp,Female,132.23,Artur Nogueira,,13160,Brazil
932,Helyn,Chezelle,hchezellepv@parallels.com,Female,156.71,Perho,,69951,Finland
933,Casey,Corbally,ccorballypw@jalbum.net,Male,103.175,Leiling,,,China
934,Jsandye,Ramalhete,jramalhetepx@blinklist.com,Female,213.97,Batobato,,1091,Philippines
935,Tony,Govett,tgovettpy@paypal.com,Male,224,Paris 03,+Äle-de-France,75139,France
936,Shurwood,Baddow,sbaddowpz@drupal.org,Male,206.22,Ti-n-Essako,,,Mali
937,Conroy,Pischof,cpischofq0@bloglovin.com,Male,137.196,Wapno,,62,Poland
938,Bartholomeo,Waldron,bwaldronq1@wordpress.com,Male,248.75,Bantawora,,,Indonesia
939,Malvin,Gaynes,mgaynesq2@deviantart.com,Male,137.214,Perho,,69951,Finland
940,Dode,Varey,dvareyq3@e-recht24.de,Female,2.243,Jorong,,,Indonesia
941,Igor,Mogra,imograq4@oakley.com,Male,226.12,Hany+½,,374,Japan
942,Sibilla,Lindsley,slindsleyq5@economist.com,Female,13.232,Vitez,,,Bosnia and Herzegovi
943,Lu,Esgate,lesgateq6@moonfruit.com,Female,146.197,Timiryazevskoye,,634510,Russia
944,Layne,Cater,lcaterq7@google.fr,Female,164.159,Yuyapichis,,,Peru
945,Georas,Warburton,gwarburtonq8@jimdo.com,Male,86.162,Bulubrangsi,,,Indonesia
946,Tiebout,Hartigan,thartiganq9@utexas.edu,Male,1.176,Calibungan,,2312,Philippines
947,Philippa,Westwater,pwestwaterqa@linkedin.com,Female,142.237,Po+í,,8550,Brazil
948,Aloise,Dibsdale,adibsdaleqb@yahoo.co.jp,Female,156.57,Moyogalpa,,,Nicaragua
949,Clarisse,Paling,cpalingqc@tripod.com,Female,218.38,Shazhuang,,,China
950,Brook,McQuorkel,bmcquorkelqd@bandcamp.com,Male,43.184,Al Quwaysimah,,,Jordan
951,Cchaddie,Leyburn,cleyburnqe@comsenz.com,Male,119.182,Ciampea,,,Indonesia
952,Claudio,Nayer,cnayerqf@bigcartel.com,Male,208.248,Baiyin,,,China
953,Delly,Benardeau,dbenardeauqg@whitehouse.gov,Female,144.243,Karlskrona,Blekinge,371,Sweden
954,Sabine,Treace,streaceqh@yale.edu,Female,56.86,Subottsi,,,Ukraine
955,Aksel,Swetman,aswetmanqi@oakley.com,Male,206.42,Onsala,Halland,439,Sweden
956,Willem,Wedgwood,wwedgwoodqj@desdev.cn,Male,58.99,Ozurgeti,,,Georgia
957,Yvon,Geertje,ygeertjeqk@qq.com,Male,226.166,Baran+¦w,,96,Poland
958,Maximilien,Lethieulier,mlethieulierql@sohu.com,Male,84.177,Peliyagoda,,11830,Sri Lanka
959,Hope,Christophle,hchristophleqm@ustream.tv,Genderquee,226.231,Trenton,New Jersey,8650,United States
960,Anitra,Pelos,apelosqn@lulu.com,Female,245.146,Independence,Missouri,64054,United States
961,Kalil,Farreil,kfarreilqo@ibm.com,Male,107.54,Mobaye,,,Central African Repu
962,Lilli,Corbitt,lcorbittqp@woothemes.com,Female,54.11,Villa Allende,,5105,Argentina
963,Michaella,Sandars,msandarsqq@usa.gov,Female,217.74,Kristiansund N,More og Romdal,6517,Norway
964,Michele,Skipper,mskipperqr@instagram.com,Female,19.143,Galat+ís,,,Greece
965,Maurise,Mandres,mmandresqs@drupal.org,Male,12.69,Orl+®ans,Centre,45004,France
966,Carr,Prendeguest,cprendeguestqt@weibo.com,Male,76.116,La Esperanza,Veracruz Llave,95590,Mexico
967,Thom,Capinetti,tcapinettiqu@shareasale.com,Male,235.13,Dikwa,,,Nigeria
968,Briney,McMeekin,bmcmeekinqv@yahoo.com,Agender,242.245,Linggamanik,,,Indonesia
969,Bjorn,Theurer,btheurerqw@fda.gov,Male,30.107,Xinquan,,,China
970,Caren,Rubenov,crubenovqx@nytimes.com,Female,85.29,Lagarto,,49400,Brazil
971,Bob,Gridon,bgridonqy@live.com,Male,175.77,Shuiquan,,,China
972,Huey,Orviss,horvissqz@dyndns.org,Male,171.141,+îmuta,,864,Japan
973,Dee dee,Stear,dstearr0@studiopress.com,Female,17.187,Rama,,,Nicaragua
974,Katharina,Matous,kmatousr1@answers.com,Female,189.122,Mudon,,,Myanmar
975,Lotti,MacKee,lmackeer2@twitpic.com,Female,61.38,Wangying,,,China
976,Lottie,Carluccio,lcarluccior3@storify.com,Female,127.31,Casal Novo,Castelo Branco,6100,Portugal
977,Bentlee,Klemt,bklemtr4@gizmodo.com,Male,248.36,Salmi,,186822,Russia
978,Alphonso,Muckeen,amuckeenr5@feedburner.com,Male,177.18,Bobadela,Coimbra,3405,Portugal
979,Ludovico,Frizzell,lfrizzellr6@discovery.com,Male,92.225,Astana,,,Kazakhstan
980,Patrizio,Gresty,pgrestyr7@slideshare.net,Male,27.149,Kumba,,,Cameroon
981,Ab,Millmoe,amillmoer8@google.pl,Male,45.147,Ufimskiy,,623220,Russia
982,Ronda,Hemphall,rhemphallr9@ucsd.edu,Female,127.204,Hann+ì,,357,Japan
983,Meg,Lynas,mlynasra@hao123.com,Female,96.178,Ikey,,665229,Russia
984,Filippo,Garoghan,fgaroghanrb@foxnews.com,Male,18.14,Washington,District of Columbia,20210,United States
985,Marv,Keddie,mkeddierc@sciencedirect.com,Non-binary,185.63,Pingshan,,,China
986,Micheline,Marchetti,mmarchettird@homestead.com,Female,96.33,Murtajih,,,Indonesia
987,Pansy,Ebi,pebire@posterous.com,Female,155.103,Jijia,,,China
988,Amy,Kopfer,akopferrf@myspace.com,Female,171.16,Benhong,,,China
989,Woodman,Thomann,wthomannrg@hostgator.com,Male,138.56,Tinalmud,,1531,Philippines
990,Codi,Bulled,cbulledrh@pagesperso-orange.fr,Male,118.74,Suzaka,,389,Japan
991,Faina,McNicol,fmcnicolri@mysql.com,Female,174.101,El Sombrero,,,Venezuela
992,Amelie,Tomasian,atomasianrj@walmart.com,Female,191.167,Pescara,Abruzzi,65129,Italy
993,Ward,Fripps,wfrippsrk@devhub.com,Male,92.5,U Minh,,,Vietnam
994,Kim,Szymon,kszymonrl@nature.com,Male,114.24,Martapura,,,Indonesia
995,Aile,Freeth,afreethrm@virginia.edu,Female,83.247,R-üvar,,,Iran
996,Derron,Dwine,ddwinern@oaic.gov.au,Male,238.52,Jifarong,,,Gambia
997,Wilmette,Effnert,weffnertro@soup.io,Female,5.65,Shimada,,999,Japan
998,Wallis,Jakolevitch,wjakolevitchrp@gmpg.org,Female,251.135,Jiangyan,,,China
999,Nicol,Buston,nbustonrq@forbes.com,Male,118.46,J+Ânk+Âping,J+Ânk+Âping,554,Sweden
1000,Ed,Gwillim,egwillimrr@uol.com.br,Male,193.106,-Çqchah,,,Afghanistan
